-- phpMyAdmin SQL Dump
-- version 5.2.1
-- https://www.phpmyadmin.net/
--
-- Host: localhost:3306
-- Generation Time: Oct 23, 2025 at 08:25 PM
-- Server version: 5.7.23-23
-- PHP Version: 8.1.33

SET SQL_MODE = "NO_AUTO_VALUE_ON_ZERO";
START TRANSACTION;
SET time_zone = "+00:00";


/*!40101 SET @OLD_CHARACTER_SET_CLIENT=@@CHARACTER_SET_CLIENT */;
/*!40101 SET @OLD_CHARACTER_SET_RESULTS=@@CHARACTER_SET_RESULTS */;
/*!40101 SET @OLD_COLLATION_CONNECTION=@@COLLATION_CONNECTION */;
/*!40101 SET NAMES utf8mb4 */;

--
-- Database: `fundacio_sistema`
--

--
-- Dumping data for table `actividad`
--

INSERT INTO `actividad` (`idActividad`, `Nombre`, `idModulo`) VALUES
(1, 'Recursos Humanos', 1),
(2, 'Materias', 1),
(3, 'Medios', 1),
(4, 'Costos', 1),
(5, 'Asignar actividades a roles', 5),
(6, 'Asignar escuelas a roles', 5),
(7, 'Asignar tipos de programas a roles', 5),
(8, 'Asignar versiones a roles', 5),
(9, 'Crear / editar roles', 5),
(10, 'Asignar ciudades a roles', 5),
(11, 'Programas', 2),
(12, 'Versiones', 2),
(13, 'Planificar versión', 2),
(14, 'Presupuesto ingresos', 2),
(15, 'Presupuesto gastos', 2),
(16, 'Plan de medios', 2),
(17, 'Generar presupuesto', 2),
(18, 'Materias en versiones', 2),
(19, 'Docentes en versiones', 2),
(20, 'Ejecución versiones', 3),
(21, 'Seguimiento de versiones', 3),
(22, 'Checklist versión', 3),
(23, 'Seguimiento alumnos', 3),
(24, 'Ejecución ingresos', 3),
(25, 'Ejecución plan de medios', 3),
(26, 'Reclutamiento', 3),
(27, 'Ejecución de gastos', 3),
(28, 'Documentos versión', 3),
(29, 'Materias asignadas', 3),
(30, 'Seguimiento a docentes', 3),
(31, 'Planificación por versión', 4),
(32, 'Ejecución por versión', 4),
(33, 'Reporte consolidado', 4),
(34, 'Plan de medios por programa', 4),
(35, 'Plan de medios por ciudad', 4),
(36, 'Reporte de reclutamiento', 4),
(37, 'Detalle reclutamiento', 4),
(38, 'Checklist materias', 3),
(39, 'Documentos materias', 3),
(40, 'Bloquear planificación de versión', 2),
(41, 'Bloquear ejecución de versión', 3),
(42, 'Duplicar versión', 2),
(43, 'Reporte cronograma', 4),
(44, 'Reporte de roles', 4),
(45, 'Reporte de docentes', 4),
(46, 'Reporte de docentes por programa', 4),
(47, 'Asignaturas por docente', 4),
(48, 'Historial Asignaturas por Docente', 4),
(49, 'Actividades por programa', 4),
(50, 'Presupuesto por versión', 4),
(51, 'Actividades por versión', 4);

--
-- Dumping data for table `actividades`
--

INSERT INTO `actividades` (`idActividades`, `Nombre`, `Version`, `Materia`, `orden`, `tipo`, `responsable`) VALUES
(1, 'Preparar cartillas de promoción', 1, 0, 5, 'ANTES DEL PROGRAMA', ''),
(2, 'Preparar insumo de publicación', 1, 0, 6, 'ANTES DEL PROGRAMA', ''),
(3, 'Solicitar publicación', 1, 0, 7, 'ANTES DEL PROGRAMA', ''),
(4, 'Seguimiento del presupuesto de publicidad', 1, 0, 8, 'ANTES DEL PROGRAMA', ''),
(5, 'Preparar cronograma tentativo', 1, 0, 9, 'ANTES DEL PROGRAMA', ''),
(6, 'Contacto con docentes para confirmar fechas', 1, 0, 10, 'ANTES DEL PROGRAMA', ''),
(7, 'Base de Datos de Programas ', 1, 0, 11, 'ANTES DEL PROGRAMA', ''),
(8, 'Realizar llamadas a interesados en el programa', 1, 0, 12, 'ANTES DEL PROGRAMA', ''),
(9, 'Enviar propuesta a empresas del rubro', 1, 0, 13, 'ANTES DEL PROGRAMA', ''),
(11, 'Registrar informe de reclutamiento', 1, 0, 14, 'ANTES DEL PROGRAMA', ''),
(14, 'Elaboración de compromisos de pago', 1, 0, 16, 'ANTES DEL PROGRAMA', ''),
(15, 'Apertura de file para cada estudiante con la documentación recabada', 1, 0, 15, 'ANTES DEL PROGRAMA', ''),
(16, 'Elaborar y entregar carta de invitación', 0, 1, 1, 'ANTES DE LA MATERIA', 'Coordinador'),
(17, 'Solicitar documentación para file de docente', 0, 1, 12, 'DURANTE LA MATERIA', 'Coordinador'),
(18, 'Solicitud de pasajes, viáticos y estadía para docentes de otras ciudades', 0, 1, 2, 'ANTES DE LA MATERIA', 'Coordinador'),
(19, 'Elaboración de contrato', 0, 1, 7, 'ANTES DE LA MATERIA', 'Coordinador'),
(20, 'Elaboración de solicitud de pago', 0, 1, 8, 'ANTES DE LA MATERIA', 'Coordinador'),
(21, 'Coordinar con el docente la entrega oportuna de material', 0, 1, 3, 'ANTES DE LA MATERIA', 'Coordinador'),
(22, 'Entregar al docente file con información de estudiantes, control de asistencia y planilla de notas', 0, 1, 9, 'DURANTE LA MATERIA', 'Coordinador'),
(23, 'Solicitar reproducción del material', 0, 1, 5, 'ANTES DE LA MATERIA', 'Coordinador'),
(24, 'Coordinar disponibilidad de aulas y equipos', 0, 1, 6, 'ANTES DE LA MATERIA', 'Coordinador'),
(25, 'Entrega de normas académicas a docentes y estudiantes BAJO FIRMA', 0, 1, 10, 'DURANTE LA MATERIA', 'Coordinador'),
(26, 'Entrega del material a los estudiantes', 0, 1, 11, 'DURANTE LA MATERIA', 'Coordinador'),
(27, 'Evaluación docente', 0, 1, 13, 'DESPUES DE LA MATERIA', 'Coordinador'),
(28, 'Recepción de planilla de notas', 0, 1, 14, 'DESPUES DE LA MATERIA', 'Coordinador'),
(29, 'Elaboración de Plan de marketing', 1, 0, 3, 'ANTES DEL PROGRAMA', ''),
(30, 'Confirmar el pago de la matrícula o primera cuota ', 1, 0, 17, 'ANTES DEL PROGRAMA', ''),
(31, 'Informe final del programa', 1, 0, 20, 'DESPUES DEL PROGRAMA', ''),
(32, 'Preproyecto aprobado para abrir el programa', 1, 0, 1, 'ANTES DEL PROGRAMA', ''),
(33, 'Proyecto aprobado para abrir el programa', 1, 0, 2, 'ANTES DEL PROGRAMA', ''),
(34, 'Presupuesto del programa aprobado', 1, 0, 4, 'ANTES DEL PROGRAMA', ''),
(35, 'Entrega de Login y Password de acceso al Sistema de Información Académico', 1, 0, 18, 'DURANTE EL PROGRAMA', ''),
(36, 'Retroalimentación Docente reprobado', 1, 0, 19, 'DURANTE EL PROGRAMA', ''),
(37, 'Aceptacion del informe final del programa', 1, 0, 21, 'DESPUES DEL PROGRAMA', ''),
(38, 'Solicitud de pago de bono a Director del programa', 1, 0, 22, 'DESPUES DEL PROGRAMA', ''),
(39, 'Pago bono a Director del Programa', 1, 0, 23, 'DESPUES DEL PROGRAMA', ''),
(40, 'Obtener el Vo.Bo. del Director del Programa para el sílabo y material', 0, 1, 4, 'ANTES DE LA MATERIA', 'Coordinador'),
(42, 'Pago al docente', 0, 1, 15, 'DESPUES DE LA MATERIA', 'Coordinador');

--
-- Dumping data for table `aplicacion`
--

INSERT INTO `aplicacion` (`idAplicacion`, `Descripcion`) VALUES
(1, 'Costo fijo'),
(2, 'Variable por alumno'),
(3, 'Variable por alumno y materia'),
(4, 'Variable por alumno y día'),
(5, '% sobre costo fijo'),
(6, '% sobre ingresos'),
(7, '% sobre costo variable');

--
-- Dumping data for table `bitacora`
--

INSERT INTO `bitacora` (`id_transaccion`, `fecha_hora`, `id_empresa`, `evento`, `detalles`) VALUES
(1, '2013-10-30 16:24:13', 5, 'login', 'IP: 190.104.24.104'),
(2, '2013-10-30 21:48:42', 5, 'login', 'IP: 200.58.88.21'),
(3, '2013-10-31 06:08:56', 5, 'login', 'IP: 190.104.24.104'),
(4, '2013-10-31 08:57:24', 5, 'login', 'IP: 190.104.24.104'),
(5, '2013-10-31 10:24:59', 5, 'login', 'IP: 190.104.24.104'),
(6, '2013-10-31 12:53:57', 5, 'login', 'IP: 190.104.24.103'),
(7, '2013-10-31 13:15:58', 5, 'login', 'IP: 190.104.24.104'),
(8, '2013-11-01 08:41:39', 5, 'login', 'IP: 190.104.24.104'),
(9, '2013-11-01 15:07:30', 2077, 'login', 'IP: 190.104.24.104'),
(10, '2013-11-01 15:07:48', 5, 'login', 'IP: 190.104.24.104'),
(11, '2013-11-01 15:08:35', 2077, 'login', 'IP: 190.104.24.104'),
(12, '2013-11-01 15:09:14', 5, 'login', 'IP: 190.104.24.104'),
(13, '2013-11-01 15:11:06', 2077, 'login', 'IP: 190.104.24.104'),
(14, '2013-11-01 15:11:37', 5, 'login', 'IP: 190.104.24.104'),
(15, '2013-11-01 15:12:20', 2077, 'login', 'IP: 190.104.24.104'),
(16, '2013-11-01 15:16:07', 5, 'login', 'IP: 190.104.24.104'),
(17, '2013-11-01 15:17:12', 2077, 'login', 'IP: 190.104.24.104'),
(18, '2013-11-01 15:17:41', 5, 'login', 'IP: 190.104.24.104'),
(19, '2013-11-01 15:19:47', 2077, 'login', 'IP: 190.104.24.104'),
(20, '2013-11-02 11:12:47', 5, 'login', 'IP: 200.58.88.21'),
(21, '2013-11-02 20:23:51', 1, 'login', 'IP: 181.114.87.237'),
(22, '2013-11-02 20:33:04', 1, 'login', 'IP: 181.114.87.237'),
(23, '2013-11-04 07:12:11', 5, 'login', 'IP: 190.104.24.104'),
(24, '2013-11-04 08:23:47', 5, 'login', 'IP: 190.104.24.104'),
(25, '2013-11-04 08:24:34', 2077, 'login', 'IP: 190.104.24.104'),
(26, '2013-11-04 08:27:00', 5, 'login', 'IP: 190.104.24.104'),
(27, '2013-11-04 08:34:11', 2078, 'login', 'IP: 190.104.24.104'),
(28, '2013-11-04 08:34:39', 5, 'login', 'IP: 190.104.24.104'),
(29, '2013-11-04 08:36:18', 2078, 'login', 'IP: 190.104.24.104'),
(30, '2013-11-06 03:08:55', 5, 'login', 'IP: 200.58.88.21'),
(31, '2013-11-06 09:52:37', 2078, 'login', 'IP: 190.104.24.67'),
(32, '2013-11-08 11:56:09', 5, 'login', 'IP: 190.41.204.72'),
(33, '2013-11-08 11:58:47', 5, 'login', 'IP: 190.41.204.72'),
(34, '2013-11-08 12:00:06', 2068, 'login', 'IP: 190.41.204.72'),
(35, '2013-11-08 12:15:21', 2079, 'login', 'IP: 190.41.204.72'),
(36, '2013-11-08 12:22:12', 2080, 'login', 'IP: 190.41.204.72'),
(37, '2013-11-08 12:22:13', 2080, 'login', 'IP: 190.41.204.72'),
(38, '2013-11-08 12:23:53', 2079, 'login', 'IP: 190.41.204.72'),
(39, '2013-11-08 12:25:18', 2079, 'login', 'IP: 190.41.204.72'),
(40, '2013-11-08 12:25:19', 2079, 'login', 'IP: 190.41.204.72'),
(41, '2013-11-08 12:32:38', 2081, 'login', 'IP: 190.41.204.72'),
(42, '2013-11-08 12:57:30', 2080, 'login', 'IP: 190.41.204.72'),
(43, '2013-11-08 13:01:05', 5, 'login', 'IP: 190.41.204.72'),
(44, '2013-11-08 13:40:52', 2083, 'login', 'IP: 190.41.204.72'),
(45, '2013-11-08 14:28:56', 2085, 'login', 'IP: 190.41.204.72'),
(46, '2013-11-08 14:30:11', 2083, 'login', 'IP: 190.41.204.72'),
(47, '2013-11-08 14:30:21', 2084, 'login', 'IP: 190.41.204.72'),
(48, '2013-11-08 14:32:06', 2080, 'login', 'IP: 190.41.204.72'),
(49, '2013-11-08 14:33:00', 5, 'login', 'IP: 190.41.204.72'),
(50, '2013-11-08 15:01:41', 5, 'login', 'IP: 190.41.204.72'),
(51, '2013-11-08 15:01:59', 2080, 'login', 'IP: 190.41.204.72'),
(52, '2013-11-08 15:03:06', 2085, 'login', 'IP: 190.41.204.72'),
(53, '2013-11-08 18:02:15', 5, 'login', 'IP: 190.40.231.110'),
(54, '2013-11-09 05:00:05', 5, 'login', 'IP: 190.40.231.110'),
(55, '2013-11-09 05:09:11', 2078, 'login', 'IP: 190.40.231.110'),
(56, '2013-11-09 06:40:21', 2068, 'login', 'IP: 190.41.204.72'),
(57, '2013-11-09 06:51:17', 2080, 'login', 'IP: 190.41.204.72'),
(58, '2013-11-09 09:24:47', 5, 'login', 'IP: 190.41.204.72'),
(59, '2013-11-09 09:24:47', 5, 'login', 'IP: 190.41.204.72'),
(60, '2013-11-09 09:25:23', 2081, 'login', 'IP: 190.41.204.72'),
(61, '2013-11-09 09:27:00', 2087, 'login', 'IP: 190.113.208.239'),
(62, '2013-11-09 09:50:20', 2079, 'login', 'IP: 190.41.204.72'),
(63, '2013-11-09 10:16:54', 2079, 'login', 'IP: 190.41.204.72'),
(64, '2013-11-09 10:17:55', 2068, 'login', 'IP: 190.41.204.72'),
(65, '2013-11-09 10:20:48', 2079, 'login', 'IP: 190.41.204.72'),
(66, '2013-11-09 10:22:20', 5, 'login', 'IP: 190.41.204.72'),
(67, '2013-11-09 10:31:24', 2079, 'login', 'IP: 190.41.204.72'),
(68, '2013-11-09 10:34:49', 5, 'login', 'IP: 190.41.204.72'),
(69, '2013-11-09 10:42:16', 2083, 'login', 'IP: 190.41.204.72'),
(70, '2013-11-11 07:01:44', 2068, 'login', 'IP: 190.235.13.174'),
(71, '2013-11-11 09:48:56', 2093, 'login', 'IP: 190.235.13.174'),
(72, '2013-11-11 09:50:55', 2068, 'login', 'IP: 190.235.13.174'),
(73, '2013-11-11 10:28:07', 2091, 'login', 'IP: 190.235.13.174'),
(74, '2013-11-11 10:29:09', 2088, 'login', 'IP: 190.235.13.174'),
(75, '2013-11-11 10:29:47', 2089, 'login', 'IP: 190.235.13.174'),
(76, '2013-11-11 10:31:46', 2090, 'login', 'IP: 190.235.13.174'),
(77, '2013-11-11 10:32:45', 2092, 'login', 'IP: 190.235.13.174'),
(78, '2013-11-11 10:33:31', 2093, 'login', 'IP: 190.235.13.174'),
(79, '2013-11-11 18:50:44', 2085, 'login', 'IP: 190.118.155.181'),
(80, '2013-11-12 07:56:34', 2068, 'login', 'IP: 190.239.55.254'),
(81, '2013-11-12 08:22:08', 5, 'login', 'IP: 190.239.55.254'),
(82, '2013-11-12 10:08:22', 5, 'login', 'IP: 190.235.142.233'),
(83, '2013-11-12 12:36:08', 2089, 'login', 'IP: 190.239.55.254'),
(84, '2013-11-12 12:37:23', 2093, 'login', 'IP: 190.239.55.254'),
(85, '2013-11-12 12:37:45', 2088, 'login', 'IP: 190.239.55.254'),
(86, '2013-11-12 12:38:19', 2088, 'login', 'IP: 190.239.55.254'),
(87, '2013-11-12 12:48:07', 2089, 'login', 'IP: 190.239.55.254'),
(88, '2013-11-12 12:49:46', 2068, 'login', 'IP: 190.239.55.254'),
(89, '2013-11-12 13:00:51', 2090, 'login', 'IP: 190.239.55.254'),
(90, '2013-11-12 14:57:56', 2093, 'login', 'IP: 190.239.55.254'),
(91, '2013-11-13 07:11:35', 5, 'login', 'IP: 201.240.92.64'),
(92, '2013-11-13 07:16:37', 2088, 'login', 'IP: 201.240.92.64'),
(93, '2013-11-13 07:46:48', 2091, 'login', 'IP: 201.240.92.64'),
(94, '2013-11-13 09:05:49', 2085, 'login', 'IP: 200.121.57.153'),
(95, '2013-11-17 05:16:29', 5, 'login', 'IP: 190.235.191.226'),
(96, '2013-11-18 16:54:57', 5, 'login', 'IP: 200.58.88.234'),
(97, '2013-11-20 06:56:14', 5, 'login', 'IP: 190.104.24.104'),
(98, '2013-11-20 07:15:18', 2098, 'login', 'IP: 190.104.24.104'),
(99, '2013-11-20 07:16:17', 2099, 'login', 'IP: 190.104.24.104'),
(100, '2013-11-20 14:44:12', 2099, 'login', 'IP: 200.105.177.226'),
(101, '2013-11-20 17:21:25', 5, 'login', 'IP: 181.114.76.204'),
(102, '2013-11-23 09:16:41', 5, 'login', 'IP: 181.177.137.22'),
(103, '2013-11-24 13:27:56', 5, 'login', 'IP: 190.11.71.26'),
(104, '2013-11-25 20:58:15', 5, 'login', 'IP: 190.11.71.26'),
(105, '2013-11-26 08:12:56', 5, 'login', 'IP: 190.104.24.103'),
(106, '2013-11-26 11:03:09', 2080, 'login', 'IP: 190.222.77.49'),
(107, '2013-11-27 09:17:53', 5, 'login', 'IP: 190.104.24.103'),
(108, '2013-12-18 20:17:45', 5, 'login', 'IP: 190.11.71.26'),
(109, '2014-01-09 16:55:55', 5, 'login', 'IP: 190.11.71.194'),
(110, '2014-01-22 07:06:13', 5, 'login', 'IP: 186.2.87.172'),
(111, '2014-01-23 07:38:36', 2099, 'login', 'IP: 200.105.177.226'),
(112, '2014-01-27 08:43:46', 2099, 'login', 'IP: 200.105.177.226'),
(113, '2014-01-31 12:38:58', 2099, 'login', 'IP: 206.107.150.25'),
(114, '2014-04-04 06:24:25', 5, 'login', 'IP: 190.104.24.104'),
(115, '2014-04-04 07:23:52', 2101, 'login', 'IP: 181.114.64.6'),
(116, '2014-04-06 08:26:52', 5, 'login', 'IP: 190.107.37.78'),
(117, '2014-08-12 20:59:56', 5, 'login', 'IP: 181.177.166.147'),
(118, '2015-02-19 14:48:42', 5, 'login', 'IP: 190.104.24.104'),
(119, '2015-03-04 16:40:47', 2101, 'login', 'IP: 181.177.185.242'),
(120, '2015-03-06 06:10:19', 2101, 'login', 'IP: 181.114.92.138'),
(121, '2015-04-29 09:27:14', 2101, 'login', 'IP: 190.106.253.214'),
(122, '2015-04-29 09:34:05', 2101, 'login', 'IP: 190.104.24.104'),
(123, '2015-05-29 15:12:50', 5, 'login', 'IP: 190.104.24.104'),
(124, '2015-05-29 15:13:11', 5, 'login', 'IP: 190.104.24.104'),
(125, '2015-06-20 10:23:55', 5, 'login', 'IP: 190.106.243.240'),
(126, '2016-10-07 10:42:44', 5, 'login', 'IP: 186.121.246.130'),
(127, '2016-10-08 10:49:42', 5, 'login', 'IP: 132.251.241.8'),
(128, '2016-10-08 10:52:15', 2098, 'login', 'IP: 132.251.241.8'),
(129, '2016-10-10 09:57:12', 2098, 'login', 'IP: 186.121.250.195'),
(130, '2017-02-15 13:15:04', 5, 'login', 'IP: 186.121.246.130'),
(131, '2017-02-15 13:20:49', 5, 'login', 'IP: 186.121.246.130'),
(132, '2017-02-15 13:54:10', 2106, 'login', 'IP: 186.121.246.130'),
(133, '2017-02-15 14:01:19', 5, 'login', 'IP: 186.121.246.130'),
(134, '2017-02-15 14:04:08', 2106, 'login', 'IP: 186.121.246.130'),
(135, '2017-02-15 14:04:31', 5, 'login', 'IP: 186.121.246.130'),
(136, '2017-02-15 14:09:12', 5, 'login', 'IP: 186.121.246.130'),
(137, '2017-02-15 14:09:45', 2106, 'login', 'IP: 186.121.246.130'),
(138, '2017-02-15 14:12:02', 5, 'login', 'IP: 186.121.246.130'),
(139, '2017-02-15 14:22:31', 2106, 'login', 'IP: 186.121.246.130'),
(140, '2017-02-15 14:24:30', 5, 'login', 'IP: 186.121.246.130'),
(141, '2017-02-15 14:25:52', 2106, 'login', 'IP: 186.121.246.130'),
(142, '2017-02-15 14:36:38', 5, 'login', 'IP: 186.121.246.130'),
(143, '2017-02-15 14:54:30', 5, 'login', 'IP: 186.121.246.130'),
(144, '2017-02-15 14:55:20', 2106, 'login', 'IP: 186.121.246.130'),
(145, '2017-02-15 14:59:10', 5, 'login', 'IP: 186.121.246.130'),
(146, '2017-02-15 14:59:57', 2106, 'login', 'IP: 186.121.246.130'),
(147, '2017-02-15 15:02:56', 5, 'login', 'IP: 186.121.246.130'),
(148, '2017-02-15 15:06:31', 2106, 'login', 'IP: 186.121.246.130'),
(149, '2017-02-16 05:44:57', 5, 'login', 'IP: 186.121.246.130'),
(150, '2017-02-16 11:24:21', 2106, 'login', 'IP: 181.177.166.168'),
(151, '2017-02-16 13:14:44', 2106, 'login', 'IP: 186.121.246.130'),
(152, '2017-02-17 06:11:14', 5, 'login', 'IP: 190.104.24.98'),
(153, '2017-02-17 06:11:49', 2106, 'login', 'IP: 190.104.24.98'),
(154, '2017-02-18 12:29:42', 5, 'login', 'IP: 190.104.24.98'),
(155, '2017-02-18 13:01:30', 2106, 'login', 'IP: 190.104.24.98'),
(156, '2017-02-18 13:27:40', 5, 'login', 'IP: 186.121.246.130'),
(157, '2017-02-18 13:45:57', 5, 'login', 'IP: 190.104.24.103'),
(158, '2017-02-18 14:15:07', 2106, 'login', 'IP: 186.121.246.130'),
(159, '2017-02-18 14:15:43', 2104, 'login', 'IP: 186.121.246.130'),
(160, '2017-02-18 14:16:09', 2103, 'login', 'IP: 186.121.246.130'),
(161, '2017-02-18 14:16:52', 2102, 'login', 'IP: 186.121.246.130'),
(162, '2017-02-18 14:17:21', 2106, 'login', 'IP: 181.114.124.119'),
(163, '2017-02-18 14:17:22', 2105, 'login', 'IP: 186.121.246.130'),
(164, '2017-02-18 14:17:44', 5, 'login', 'IP: 186.121.246.130'),
(165, '2017-02-22 07:51:37', 2103, 'login', 'IP: 181.114.84.237'),
(166, '2017-02-22 07:57:43', 2106, 'login', 'IP: 181.114.84.237'),
(167, '2017-02-22 08:54:52', 2106, 'login', 'IP: 181.114.84.237'),
(168, '2017-03-02 13:00:05', 5, 'login', 'IP: 186.121.246.130'),
(169, '2017-03-02 13:01:12', 2068, 'login', 'IP: 186.121.246.130'),
(170, '2017-03-02 13:01:29', 2068, 'login', 'IP: 190.104.24.98'),
(171, '2017-03-03 05:12:03', 2068, 'login', 'IP: 186.121.249.202'),
(172, '2017-03-04 11:03:33', 5, 'login', 'IP: 186.121.249.202'),
(173, '2017-03-04 12:12:13', 2106, 'login', 'IP: 186.121.249.202'),
(174, '2017-03-04 12:14:45', 5, 'login', 'IP: 186.121.249.202'),
(175, '2018-07-19 10:13:10', 5, 'login', 'IP: 186.121.246.132'),
(176, '2018-07-19 10:17:55', 5, 'login', 'IP: 186.121.246.132'),
(177, '2018-07-19 14:29:31', 5, 'login', 'IP: 186.121.246.132'),
(178, '2018-07-19 14:50:34', 5, 'login', 'IP: 186.121.246.132');

--
-- Dumping data for table `categoria`
--

INSERT INTO `categoria` (`idCategoria`, `Nombre`, `HonorariosHora`) VALUES
(1, 'PhD', '37'),
(2, 'PhDc', '35'),
(3, 'Maestría', '30'),
(4, 'Licenciatura', '25'),
(5, 'Especial', '20'),
(6, 'Taller de Pres.', ''),
(7, 'Técnico Superio', ''),
(8, 'Técnico Medio', '');

--
-- Dumping data for table `checklist`
--

INSERT INTO `checklist` (`idChecklist`, `idVersion`, `idEjecucionMateriaVersionDocente`, `idActividades`, `ejecutado`, `fecha`, `comentarios`, `responsable`) VALUES
(1, 2, 0, 32, 0, '0000-00-00', '', ''),
(2, 2, 0, 33, 0, '0000-00-00', '', ''),
(3, 2, 0, 29, 0, '0000-00-00', '', ''),
(4, 2, 0, 34, 0, '0000-00-00', '', ''),
(5, 2, 0, 1, 0, '0000-00-00', '', ''),
(6, 2, 0, 2, 0, '0000-00-00', '', ''),
(7, 2, 0, 3, 0, '0000-00-00', '', ''),
(8, 2, 0, 4, 0, '0000-00-00', '', ''),
(9, 2, 0, 5, 0, '0000-00-00', '', ''),
(10, 2, 0, 6, 0, '0000-00-00', '', ''),
(11, 2, 0, 7, 0, '0000-00-00', '', ''),
(12, 2, 0, 8, 0, '0000-00-00', '', ''),
(13, 2, 0, 9, 0, '0000-00-00', '', ''),
(14, 2, 0, 11, 0, '0000-00-00', '', ''),
(15, 2, 0, 15, 0, '0000-00-00', '', ''),
(16, 2, 0, 14, 0, '0000-00-00', '', ''),
(17, 2, 0, 30, 0, '0000-00-00', '', ''),
(18, 2, 0, 35, 0, '0000-00-00', '', ''),
(19, 2, 0, 36, 0, '0000-00-00', '', ''),
(20, 2, 0, 31, 0, '0000-00-00', '', ''),
(21, 2, 0, 37, 0, '0000-00-00', '', ''),
(22, 2, 0, 38, 0, '0000-00-00', '', ''),
(23, 2, 0, 39, 0, '0000-00-00', '', ''),
(24, 6, 0, 32, 0, '0000-00-00', '', ''),
(25, 6, 0, 33, 0, '0000-00-00', '', ''),
(26, 6, 0, 29, 0, '0000-00-00', '', ''),
(27, 6, 0, 34, 0, '0000-00-00', '', ''),
(28, 6, 0, 1, 0, '0000-00-00', '', ''),
(29, 6, 0, 2, 0, '0000-00-00', '', ''),
(30, 6, 0, 3, 0, '0000-00-00', '', ''),
(31, 6, 0, 4, 0, '0000-00-00', '', ''),
(32, 6, 0, 5, 0, '0000-00-00', '', ''),
(33, 6, 0, 6, 0, '0000-00-00', '', ''),
(34, 6, 0, 7, 0, '0000-00-00', '', ''),
(35, 6, 0, 8, 0, '0000-00-00', '', ''),
(36, 6, 0, 9, 0, '0000-00-00', '', ''),
(37, 6, 0, 11, 0, '0000-00-00', '', ''),
(38, 6, 0, 15, 0, '0000-00-00', '', ''),
(39, 6, 0, 14, 0, '0000-00-00', '', ''),
(40, 6, 0, 30, 0, '0000-00-00', '', ''),
(41, 6, 0, 35, 0, '0000-00-00', '', ''),
(42, 6, 0, 36, 0, '0000-00-00', '', ''),
(43, 6, 0, 31, 0, '0000-00-00', '', ''),
(44, 6, 0, 37, 0, '0000-00-00', '', ''),
(45, 6, 0, 38, 0, '0000-00-00', '', ''),
(46, 6, 0, 39, 0, '0000-00-00', '', ''),
(47, 19, 0, 32, 1, '2014-07-16', 'Realizado', ''),
(48, 19, 0, 33, 0, '0000-00-00', '', ''),
(49, 19, 0, 29, 0, '0000-00-00', '', ''),
(50, 19, 0, 34, 1, '0000-00-00', '', ''),
(51, 19, 0, 1, 0, '0000-00-00', '', ''),
(52, 19, 0, 2, 0, '0000-00-00', '', ''),
(53, 19, 0, 3, 0, '0000-00-00', '', ''),
(54, 19, 0, 4, 0, '0000-00-00', '', ''),
(55, 19, 0, 5, 0, '0000-00-00', '', ''),
(56, 19, 0, 6, 0, '0000-00-00', '', ''),
(57, 19, 0, 7, 0, '0000-00-00', '', ''),
(58, 19, 0, 8, 0, '0000-00-00', '', ''),
(59, 19, 0, 9, 0, '0000-00-00', '', ''),
(60, 19, 0, 11, 0, '0000-00-00', '', ''),
(61, 19, 0, 15, 0, '0000-00-00', '', ''),
(62, 19, 0, 14, 0, '0000-00-00', '', ''),
(63, 19, 0, 30, 0, '0000-00-00', '', ''),
(64, 19, 0, 35, 0, '0000-00-00', '', ''),
(65, 19, 0, 36, 0, '0000-00-00', '', ''),
(66, 19, 0, 31, 0, '0000-00-00', '', ''),
(67, 19, 0, 37, 0, '0000-00-00', '', ''),
(68, 19, 0, 38, 0, '0000-00-00', '', ''),
(69, 19, 0, 39, 0, '0000-00-00', '', ''),
(70, 20, 0, 32, 0, '0000-00-00', '', ''),
(71, 20, 0, 33, 0, '0000-00-00', '', ''),
(72, 20, 0, 29, 0, '0000-00-00', '', ''),
(73, 20, 0, 34, 0, '0000-00-00', '', ''),
(74, 20, 0, 1, 0, '0000-00-00', '', ''),
(75, 20, 0, 2, 0, '0000-00-00', '', ''),
(76, 20, 0, 3, 0, '0000-00-00', '', ''),
(77, 20, 0, 4, 0, '0000-00-00', '', ''),
(78, 20, 0, 5, 0, '0000-00-00', '', ''),
(79, 20, 0, 6, 0, '0000-00-00', '', ''),
(80, 20, 0, 7, 0, '0000-00-00', '', ''),
(81, 20, 0, 8, 0, '0000-00-00', '', ''),
(82, 20, 0, 9, 0, '0000-00-00', '', ''),
(83, 20, 0, 11, 0, '0000-00-00', '', ''),
(84, 20, 0, 15, 0, '0000-00-00', '', ''),
(85, 20, 0, 14, 0, '0000-00-00', '', ''),
(86, 20, 0, 30, 0, '0000-00-00', '', ''),
(87, 20, 0, 35, 0, '0000-00-00', '', ''),
(88, 20, 0, 36, 0, '0000-00-00', '', ''),
(89, 20, 0, 31, 0, '0000-00-00', '', ''),
(90, 20, 0, 37, 0, '0000-00-00', '', ''),
(91, 20, 0, 38, 0, '0000-00-00', '', ''),
(92, 20, 0, 39, 0, '0000-00-00', '', ''),
(93, 7, 0, 32, 1, '2014-07-07', 'realizado ', ''),
(94, 7, 0, 33, 0, '0000-00-00', '', ''),
(95, 7, 0, 29, 0, '0000-00-00', '', ''),
(96, 7, 0, 34, 0, '0000-00-00', '', ''),
(97, 7, 0, 1, 0, '0000-00-00', '', ''),
(98, 7, 0, 2, 0, '0000-00-00', '', ''),
(99, 7, 0, 3, 0, '0000-00-00', '', ''),
(100, 7, 0, 4, 0, '0000-00-00', '', ''),
(101, 7, 0, 5, 0, '0000-00-00', '', ''),
(102, 7, 0, 6, 0, '0000-00-00', '', ''),
(103, 7, 0, 7, 0, '0000-00-00', '', ''),
(104, 7, 0, 8, 0, '0000-00-00', '', ''),
(105, 7, 0, 9, 0, '0000-00-00', '', ''),
(106, 7, 0, 11, 0, '0000-00-00', '', ''),
(107, 7, 0, 15, 0, '0000-00-00', '', ''),
(108, 7, 0, 14, 0, '0000-00-00', '', ''),
(109, 7, 0, 30, 0, '0000-00-00', '', ''),
(110, 7, 0, 35, 0, '0000-00-00', '', ''),
(111, 7, 0, 36, 0, '0000-00-00', '', ''),
(112, 7, 0, 31, 0, '0000-00-00', '', ''),
(113, 7, 0, 37, 0, '0000-00-00', '', ''),
(114, 7, 0, 38, 0, '0000-00-00', '', ''),
(115, 7, 0, 39, 0, '0000-00-00', '', ''),
(116, 9, 0, 32, 0, '0000-00-00', '', ''),
(117, 9, 0, 33, 0, '0000-00-00', '', ''),
(118, 9, 0, 29, 0, '0000-00-00', '', ''),
(119, 9, 0, 34, 0, '0000-00-00', '', ''),
(120, 9, 0, 1, 0, '0000-00-00', '', ''),
(121, 9, 0, 2, 0, '0000-00-00', '', ''),
(122, 9, 0, 3, 0, '0000-00-00', '', ''),
(123, 9, 0, 4, 0, '0000-00-00', '', ''),
(124, 9, 0, 5, 0, '0000-00-00', '', ''),
(125, 9, 0, 6, 0, '0000-00-00', '', ''),
(126, 9, 0, 7, 0, '0000-00-00', '', ''),
(127, 9, 0, 8, 0, '0000-00-00', '', ''),
(128, 9, 0, 9, 0, '0000-00-00', '', ''),
(129, 9, 0, 11, 0, '0000-00-00', '', ''),
(130, 9, 0, 15, 0, '0000-00-00', '', ''),
(131, 9, 0, 14, 0, '0000-00-00', '', ''),
(132, 9, 0, 30, 0, '0000-00-00', '', ''),
(133, 9, 0, 35, 0, '0000-00-00', '', ''),
(134, 9, 0, 36, 0, '0000-00-00', '', ''),
(135, 9, 0, 31, 0, '0000-00-00', '', ''),
(136, 9, 0, 37, 0, '0000-00-00', '', ''),
(137, 9, 0, 38, 0, '0000-00-00', '', ''),
(138, 9, 0, 39, 0, '0000-00-00', '', ''),
(139, 0, 26, 16, 1, '0000-00-00', '', 'Coordinador'),
(140, 0, 26, 18, 1, '0000-00-00', '', 'Coordinador'),
(141, 0, 26, 21, 0, '0000-00-00', '', 'Coordinador'),
(142, 0, 26, 40, 0, '0000-00-00', '', 'Coordinador'),
(143, 0, 26, 23, 0, '0000-00-00', '', 'Coordinador'),
(144, 0, 26, 24, 0, '0000-00-00', '', 'Coordinador'),
(145, 0, 26, 19, 0, '0000-00-00', '', 'Coordinador'),
(146, 0, 26, 20, 0, '0000-00-00', '', 'Coordinador'),
(147, 0, 26, 22, 1, '0000-00-00', '', 'Coordinador'),
(148, 0, 26, 25, 0, '0000-00-00', '', 'Coordinador'),
(149, 0, 26, 26, 0, '0000-00-00', '', 'Coordinador'),
(150, 0, 26, 17, 0, '0000-00-00', '', 'Coordinador'),
(151, 0, 26, 27, 0, '0000-00-00', '', 'Coordinador'),
(152, 0, 26, 28, 0, '0000-00-00', '', 'Coordinador'),
(153, 0, 26, 42, 0, '0000-00-00', '', 'Coordinador'),
(154, 25, 0, 32, 0, '0000-00-00', '', ''),
(155, 25, 0, 33, 0, '0000-00-00', '', ''),
(156, 25, 0, 29, 0, '0000-00-00', '', ''),
(157, 25, 0, 34, 0, '0000-00-00', '', ''),
(158, 25, 0, 1, 0, '0000-00-00', '', ''),
(159, 25, 0, 2, 0, '0000-00-00', '', ''),
(160, 25, 0, 3, 0, '0000-00-00', '', ''),
(161, 25, 0, 4, 0, '0000-00-00', '', ''),
(162, 25, 0, 5, 0, '0000-00-00', '', ''),
(163, 25, 0, 6, 0, '0000-00-00', '', ''),
(164, 25, 0, 7, 0, '0000-00-00', '', ''),
(165, 25, 0, 8, 0, '0000-00-00', '', ''),
(166, 25, 0, 9, 0, '0000-00-00', '', ''),
(167, 25, 0, 11, 0, '0000-00-00', '', ''),
(168, 25, 0, 15, 0, '0000-00-00', '', ''),
(169, 25, 0, 14, 0, '0000-00-00', '', ''),
(170, 25, 0, 30, 0, '0000-00-00', '', ''),
(171, 25, 0, 35, 0, '0000-00-00', '', ''),
(172, 25, 0, 36, 0, '0000-00-00', '', ''),
(173, 25, 0, 31, 0, '0000-00-00', '', ''),
(174, 25, 0, 37, 0, '0000-00-00', '', ''),
(175, 25, 0, 38, 0, '0000-00-00', '', ''),
(176, 25, 0, 39, 0, '0000-00-00', '', ''),
(177, 44, 0, 32, 0, '0000-00-00', '', ''),
(178, 44, 0, 33, 0, '0000-00-00', '', ''),
(179, 44, 0, 29, 0, '0000-00-00', '', ''),
(180, 44, 0, 34, 0, '0000-00-00', '', ''),
(181, 44, 0, 1, 0, '0000-00-00', '', ''),
(182, 44, 0, 2, 0, '0000-00-00', '', ''),
(183, 44, 0, 3, 0, '0000-00-00', '', ''),
(184, 44, 0, 4, 0, '0000-00-00', '', ''),
(185, 44, 0, 5, 0, '0000-00-00', '', ''),
(186, 44, 0, 6, 0, '0000-00-00', '', ''),
(187, 44, 0, 7, 0, '0000-00-00', '', ''),
(188, 44, 0, 8, 0, '0000-00-00', '', ''),
(189, 44, 0, 9, 0, '0000-00-00', '', ''),
(190, 44, 0, 11, 0, '0000-00-00', '', ''),
(191, 44, 0, 15, 0, '0000-00-00', '', ''),
(192, 44, 0, 14, 0, '0000-00-00', '', ''),
(193, 44, 0, 30, 0, '0000-00-00', '', ''),
(194, 44, 0, 35, 0, '0000-00-00', '', ''),
(195, 44, 0, 36, 0, '0000-00-00', '', ''),
(196, 44, 0, 31, 0, '0000-00-00', '', ''),
(197, 44, 0, 37, 0, '0000-00-00', '', ''),
(198, 44, 0, 38, 0, '0000-00-00', '', ''),
(199, 44, 0, 39, 0, '0000-00-00', '', ''),
(200, 33, 0, 32, 0, '0000-00-00', '', ''),
(201, 33, 0, 33, 0, '0000-00-00', '', ''),
(202, 33, 0, 29, 0, '0000-00-00', '', ''),
(203, 33, 0, 34, 0, '0000-00-00', '', ''),
(204, 33, 0, 1, 0, '0000-00-00', '', ''),
(205, 33, 0, 2, 0, '0000-00-00', '', ''),
(206, 33, 0, 3, 0, '0000-00-00', '', ''),
(207, 33, 0, 4, 0, '0000-00-00', '', ''),
(208, 33, 0, 5, 0, '0000-00-00', '', ''),
(209, 33, 0, 6, 0, '0000-00-00', '', ''),
(210, 33, 0, 7, 0, '0000-00-00', '', ''),
(211, 33, 0, 8, 0, '0000-00-00', '', ''),
(212, 33, 0, 9, 0, '0000-00-00', '', ''),
(213, 33, 0, 11, 0, '0000-00-00', '', ''),
(214, 33, 0, 15, 0, '0000-00-00', '', ''),
(215, 33, 0, 14, 0, '0000-00-00', '', ''),
(216, 33, 0, 30, 0, '0000-00-00', '', ''),
(217, 33, 0, 35, 0, '0000-00-00', '', ''),
(218, 33, 0, 36, 0, '0000-00-00', '', ''),
(219, 33, 0, 31, 0, '0000-00-00', '', ''),
(220, 33, 0, 37, 0, '0000-00-00', '', ''),
(221, 33, 0, 38, 0, '0000-00-00', '', ''),
(222, 33, 0, 39, 0, '0000-00-00', '', ''),
(223, 31, 0, 32, 0, '0000-00-00', '', ''),
(224, 31, 0, 33, 0, '0000-00-00', '', ''),
(225, 31, 0, 29, 0, '0000-00-00', '', ''),
(226, 31, 0, 34, 0, '0000-00-00', '', ''),
(227, 31, 0, 1, 0, '0000-00-00', '', ''),
(228, 31, 0, 2, 0, '0000-00-00', '', ''),
(229, 31, 0, 3, 0, '0000-00-00', '', ''),
(230, 31, 0, 4, 0, '0000-00-00', '', ''),
(231, 31, 0, 5, 0, '0000-00-00', '', ''),
(232, 31, 0, 6, 0, '0000-00-00', '', ''),
(233, 31, 0, 7, 0, '0000-00-00', '', ''),
(234, 31, 0, 8, 0, '0000-00-00', '', ''),
(235, 31, 0, 9, 0, '0000-00-00', '', ''),
(236, 31, 0, 11, 0, '0000-00-00', '', ''),
(237, 31, 0, 15, 0, '0000-00-00', '', ''),
(238, 31, 0, 14, 0, '0000-00-00', '', ''),
(239, 31, 0, 30, 0, '0000-00-00', '', ''),
(240, 31, 0, 35, 0, '0000-00-00', '', ''),
(241, 31, 0, 36, 0, '0000-00-00', '', ''),
(242, 31, 0, 31, 0, '0000-00-00', '', ''),
(243, 31, 0, 37, 0, '0000-00-00', '', ''),
(244, 31, 0, 38, 0, '0000-00-00', '', ''),
(245, 31, 0, 39, 0, '0000-00-00', '', ''),
(246, 0, 48, 16, 0, '0000-00-00', '', 'Coordinador'),
(247, 0, 48, 18, 0, '0000-00-00', '', 'Coordinador'),
(248, 0, 48, 21, 0, '0000-00-00', '', 'Coordinador'),
(249, 0, 48, 40, 0, '0000-00-00', '', 'Coordinador'),
(250, 0, 48, 23, 0, '0000-00-00', '', 'Coordinador'),
(251, 0, 48, 24, 0, '0000-00-00', '', 'Coordinador'),
(252, 0, 48, 19, 0, '0000-00-00', '', 'Coordinador'),
(253, 0, 48, 20, 0, '0000-00-00', '', 'Coordinador'),
(254, 0, 48, 22, 0, '0000-00-00', '', 'Coordinador'),
(255, 0, 48, 25, 0, '0000-00-00', '', 'Coordinador'),
(256, 0, 48, 26, 0, '0000-00-00', '', 'Coordinador'),
(257, 0, 48, 17, 0, '0000-00-00', '', 'Coordinador'),
(258, 0, 48, 27, 0, '0000-00-00', '', 'Coordinador'),
(259, 0, 48, 28, 0, '0000-00-00', '', 'Coordinador'),
(260, 0, 48, 42, 0, '0000-00-00', '', 'Coordinador'),
(261, 0, 51, 16, 0, '0000-00-00', '', 'Coordinador'),
(262, 0, 51, 18, 0, '0000-00-00', '', 'Coordinador'),
(263, 0, 51, 21, 0, '0000-00-00', '', 'Coordinador'),
(264, 0, 51, 40, 0, '0000-00-00', '', 'Coordinador'),
(265, 0, 51, 23, 0, '0000-00-00', '', 'Coordinador'),
(266, 0, 51, 24, 0, '0000-00-00', '', 'Coordinador'),
(267, 0, 51, 19, 0, '0000-00-00', '', 'Coordinador'),
(268, 0, 51, 20, 0, '0000-00-00', '', 'Coordinador'),
(269, 0, 51, 22, 0, '0000-00-00', '', 'Coordinador'),
(270, 0, 51, 25, 0, '0000-00-00', '', 'Coordinador'),
(271, 0, 51, 26, 0, '0000-00-00', '', 'Coordinador'),
(272, 0, 51, 17, 0, '0000-00-00', '', 'Coordinador'),
(273, 0, 51, 27, 0, '0000-00-00', '', 'Coordinador'),
(274, 0, 51, 28, 0, '0000-00-00', '', 'Coordinador'),
(275, 0, 51, 42, 0, '0000-00-00', '', 'Coordinador'),
(276, 0, 65, 16, 0, '0000-00-00', '', 'Coordinador'),
(277, 0, 65, 18, 0, '0000-00-00', '', 'Coordinador'),
(278, 0, 65, 21, 0, '0000-00-00', '', 'Coordinador'),
(279, 0, 65, 40, 0, '0000-00-00', '', 'Coordinador'),
(280, 0, 65, 23, 0, '0000-00-00', '', 'Coordinador'),
(281, 0, 65, 24, 0, '0000-00-00', '', 'Coordinador'),
(282, 0, 65, 19, 0, '0000-00-00', '', 'Coordinador'),
(283, 0, 65, 20, 0, '0000-00-00', '', 'Coordinador'),
(284, 0, 65, 22, 0, '0000-00-00', '', 'Coordinador'),
(285, 0, 65, 25, 0, '0000-00-00', '', 'Coordinador'),
(286, 0, 65, 26, 0, '0000-00-00', '', 'Coordinador'),
(287, 0, 65, 17, 0, '0000-00-00', '', 'Coordinador'),
(288, 0, 65, 27, 0, '0000-00-00', '', 'Coordinador'),
(289, 0, 65, 28, 0, '0000-00-00', '', 'Coordinador'),
(290, 0, 65, 42, 0, '0000-00-00', '', 'Coordinador'),
(291, 45, 0, 32, 0, '0000-00-00', '', ''),
(292, 45, 0, 33, 0, '0000-00-00', '', ''),
(293, 45, 0, 29, 0, '0000-00-00', '', ''),
(294, 45, 0, 34, 0, '0000-00-00', '', ''),
(295, 45, 0, 1, 0, '0000-00-00', '', ''),
(296, 45, 0, 2, 0, '0000-00-00', '', ''),
(297, 45, 0, 3, 0, '0000-00-00', '', ''),
(298, 45, 0, 4, 0, '0000-00-00', '', ''),
(299, 45, 0, 5, 0, '0000-00-00', '', ''),
(300, 45, 0, 6, 0, '0000-00-00', '', ''),
(301, 45, 0, 7, 0, '0000-00-00', '', ''),
(302, 45, 0, 8, 0, '0000-00-00', '', ''),
(303, 45, 0, 9, 0, '0000-00-00', '', ''),
(304, 45, 0, 11, 0, '0000-00-00', '', ''),
(305, 45, 0, 15, 0, '0000-00-00', '', ''),
(306, 45, 0, 14, 0, '0000-00-00', '', ''),
(307, 45, 0, 30, 0, '0000-00-00', '', ''),
(308, 45, 0, 35, 0, '0000-00-00', '', ''),
(309, 45, 0, 36, 0, '0000-00-00', '', ''),
(310, 45, 0, 31, 0, '0000-00-00', '', ''),
(311, 45, 0, 37, 0, '0000-00-00', '', ''),
(312, 45, 0, 38, 0, '0000-00-00', '', ''),
(313, 45, 0, 39, 0, '0000-00-00', '', ''),
(314, 0, 90, 16, 0, '0000-00-00', '', 'Coordinador'),
(315, 0, 90, 18, 0, '0000-00-00', '', 'Coordinador'),
(316, 0, 90, 21, 0, '0000-00-00', '', 'Coordinador'),
(317, 0, 90, 40, 0, '0000-00-00', '', 'Coordinador'),
(318, 0, 90, 23, 0, '0000-00-00', '', 'Coordinador'),
(319, 0, 90, 24, 0, '0000-00-00', '', 'Coordinador'),
(320, 0, 90, 19, 0, '0000-00-00', '', 'Coordinador'),
(321, 0, 90, 20, 0, '0000-00-00', '', 'Coordinador'),
(322, 0, 90, 22, 0, '0000-00-00', '', 'Coordinador'),
(323, 0, 90, 25, 0, '0000-00-00', '', 'Coordinador'),
(324, 0, 90, 26, 0, '0000-00-00', '', 'Coordinador'),
(325, 0, 90, 17, 0, '0000-00-00', '', 'Coordinador'),
(326, 0, 90, 27, 0, '0000-00-00', '', 'Coordinador'),
(327, 0, 90, 28, 0, '0000-00-00', '', 'Coordinador'),
(328, 0, 90, 42, 0, '0000-00-00', '', 'Coordinador'),
(329, 38, 0, 32, 0, '0000-00-00', '', ''),
(330, 38, 0, 33, 0, '0000-00-00', '', ''),
(331, 38, 0, 29, 0, '0000-00-00', '', ''),
(332, 38, 0, 34, 0, '0000-00-00', '', ''),
(333, 38, 0, 1, 0, '0000-00-00', '', ''),
(334, 38, 0, 2, 0, '0000-00-00', '', ''),
(335, 38, 0, 3, 0, '0000-00-00', '', ''),
(336, 38, 0, 4, 0, '0000-00-00', '', ''),
(337, 38, 0, 5, 0, '0000-00-00', '', ''),
(338, 38, 0, 6, 0, '0000-00-00', '', ''),
(339, 38, 0, 7, 0, '0000-00-00', '', ''),
(340, 38, 0, 8, 0, '0000-00-00', '', ''),
(341, 38, 0, 9, 0, '0000-00-00', '', ''),
(342, 38, 0, 11, 0, '0000-00-00', '', ''),
(343, 38, 0, 15, 0, '0000-00-00', '', ''),
(344, 38, 0, 14, 0, '0000-00-00', '', ''),
(345, 38, 0, 30, 0, '0000-00-00', '', ''),
(346, 38, 0, 35, 0, '0000-00-00', '', ''),
(347, 38, 0, 36, 0, '0000-00-00', '', ''),
(348, 38, 0, 31, 0, '0000-00-00', '', ''),
(349, 38, 0, 37, 0, '0000-00-00', '', ''),
(350, 38, 0, 38, 0, '0000-00-00', '', ''),
(351, 38, 0, 39, 0, '0000-00-00', '', '');

--
-- Dumping data for table `ciudad`
--

INSERT INTO `ciudad` (`idciudad`, `nombre`) VALUES
(1, 'COCHABAMBA'),
(2, 'LA PAZ'),
(3, 'SANTA CRUZ'),
(4, 'ORURO'),
(5, 'CBB'),
(6, 'CBA'),
(7, 'LPZ'),
(8, 'SRZ'),
(9, 'TAR'),
(10, 'SCR'),
(11, 'ORU'),
(12, 'COB'),
(13, 'POT'),
(14, ''),
(15, 'SUCRE'),
(16, 'LPZ '),
(17, 'LPZ2'),
(18, 'LPZ3'),
(19, 'NACIONAL'),
(20, 'RPARDO'),
(21, 'ASANCHEZ'),
(22, 'CPALACIOS'),
(23, 'VMALUQUISH'),
(24, 'LLOZANO'),
(25, 'PIURA'),
(26, 'CHICLAYO'),
(27, 'JBARANDIARAN'),
(28, 'CAJAMARCA'),
(29, 'PERU'),
(30, 'TARAPOTO');

--
-- Dumping data for table `clasificaciongastos`
--

INSERT INTO `clasificaciongastos` (`idclasificacion`, `nombre`) VALUES
(1, 'Pasajes'),
(2, 'Viaticos'),
(3, 'Alojamiento'),
(4, 'Alquileres'),
(5, 'Textos'),
(6, 'Aranceles'),
(7, 'Franquicia'),
(8, 'Fotocopias y CD'),
(9, 'Gastos de atención'),
(10, 'Honorarios por tutorías'),
(11, 'Correo y fletes'),
(12, 'Comisiones'),
(13, 'Overhead');

--
-- Dumping data for table `ejecucionmateriaversiondocente`
--

INSERT INTO `ejecucionmateriaversiondocente` (`idEjecucionMateriaVersionDocente`, `Horas`, `HonorariosHora`, `Pasajes`, `ViaticosDia`, `Dias`, `HospedajeDia`, `EvaluacionDocente`, `FechaContrato`, `Monto`, `FechaSolicitudPago`, `NroSolicitud`, `Estado`, `idMateriaVersion`, `idRecursoHumano`, `idCategoria`, `idplanmateriaversiondocente`, `Inicio`, `Fin`, `procedencia`, `observaciones`) VALUES
(1, 20, 25, 100, 15, 4, 30, '', '0000-00-00', 0, '0000-00-00', 0, '', 1, 2068, 3, 1, '2014-01-09', '2014-01-12', 'Cochabamba', ''),
(2, 12, 20, 0, 0, 3, 0, '', '0000-00-00', 0, '0000-00-00', 0, '', 4, 2069, 4, 2, '2014-08-01', '2014-08-03', 'Santa Cruz', ''),
(3, 12, 20, 0, 0, 3, 0, '', '0000-00-00', 0, '0000-00-00', 0, '', 6, 2069, 4, 3, '2014-08-08', '2014-08-10', 'Cochabamba', ''),
(4, 12, 20, 0, 0, 3, 0, '', '0000-00-00', 0, '0000-00-00', 0, '', 10, 2071, 4, 4, '2014-08-22', '2014-08-24', 'Santa Cruz', ''),
(5, 12, 20, 150, 50, 3, 70, '', '0000-00-00', 0, '0000-00-00', 0, '', 11, 2072, 3, 5, '2014-08-29', '2014-08-31', 'Cochabamba', ''),
(6, 12, 20, 150, 50, 3, 70, '', '0000-00-00', 0, '0000-00-00', 0, '', 12, 2073, 4, 6, '2014-09-05', '2014-09-07', 'Cochabamba', ''),
(7, 12, 25, 0, 0, 3, 0, '', '0000-00-00', 0, '0000-00-00', 0, '', 13, 1, 3, 7, '2014-09-12', '2014-09-14', 'Santa Cruz', ''),
(8, 12, 20, 0, 0, 3, 0, '', '0000-00-00', 0, '0000-00-00', 0, '', 14, 2075, 3, 8, '2014-09-19', '2014-09-21', 'Santa Cruz', ''),
(9, 12, 20, 0, 0, 3, 0, '', '0000-00-00', 0, '0000-00-00', 0, '', 15, 2076, 3, 9, '2014-09-26', '2014-09-28', 'Santa Cruz', ''),
(10, 12, 20, 0, 0, 3, 0, '', '0000-00-00', 0, '0000-00-00', 0, '', 16, 2069, 4, 10, '2014-08-01', '2014-08-03', 'Santa Cruz', ''),
(11, 12, 20, 0, 0, 3, 0, '', '0000-00-00', 0, '0000-00-00', 11, '', 17, 2069, 4, 11, '2014-08-08', '2014-08-10', 'Cochabamba', ''),
(12, 12, 20, 0, 0, 3, 0, '', '0000-00-00', 0, '0000-00-00', 0, '12', 18, 2071, 4, 12, '2014-08-22', '2014-08-24', 'Santa Cruz', ''),
(13, 12, 20, 150, 50, 3, 70, '', '0000-00-00', 0, '0000-00-00', 0, '', 19, 2072, 3, 13, '2014-08-29', '2014-08-31', 'Cochabamba', ''),
(14, 12, 20, 150, 50, 3, 70, '', '0000-00-00', 0, '0000-00-00', 0, '', 20, 14, 4, 14, '2014-09-05', '2014-09-07', 'Cochabamba', ''),
(15, 12, 25, 0, 0, 3, 0, '', '0000-00-00', 0, '0000-00-00', 0, '', 21, 1, 15, 15, '2014-09-12', '2014-09-14', 'Santa Cruz', ''),
(16, 12, 20, 0, 0, 3, 0, '', '0000-00-00', 0, '0000-00-00', 0, '', 22, 2075, 3, 16, '2014-09-19', '2014-09-21', 'Santa Cruz', ''),
(17, 12, 20, 0, 0, 3, 0, '', '0000-00-00', 0, '0000-00-00', 0, '', 23, 2076, 3, 17, '2014-09-26', '2014-09-28', 'Santa Cruz', ''),
(18, 12, 20, 0, 0, 3, 0, '', '0000-00-00', 0, '0000-00-00', 0, '', 24, 2071, 4, 18, '2014-08-01', '2014-08-03', 'Santa Cruz', ''),
(19, 12, 20, 0, 0, 3, 0, '', '0000-00-00', 0, '0000-00-00', 0, '', 25, 2069, 5, 19, '2014-08-08', '2014-08-10', 'Santa Cruz', ''),
(20, 12, 20, 150, 3, 3, 150, '', '0000-00-00', 0, '0000-00-00', 0, '', 27, 2070, 4, 20, '2014-08-15', '2014-08-17', 'Cochabamba', ''),
(21, 3, 20, 0, 0, 12, 0, '', '0000-00-00', 0, '0000-00-00', 0, '', 28, 2077, -1, 21, '2014-08-22', '2014-08-24', 'Local', ''),
(22, 12, 20, 700, 50, 3, 150, '', '0000-00-00', 0, '0000-00-00', 0, '', 29, 2078, 5, 22, '2014-09-05', '2014-09-07', 'Cochabamba', ''),
(23, 12, 0, 0, 0, 3, 0, '', '0000-00-00', 0, '0000-00-00', 0, '', 30, 2068, 4, 23, '2014-09-12', '2014-09-14', 'Cochabamba', ''),
(24, 12, 12, 0, 0, 3, 0, '', '0000-00-00', 0, '0000-00-00', 0, '', 31, 2068, 2, 24, '2014-09-19', '2014-09-21', 'Potosí', ''),
(25, 12, 20, 100, 50, 3, 100, '', '0000-00-00', 0, '0000-00-00', 0, '', 32, 5, 4, 25, '2014-09-26', '2014-09-28', 'Cochabamba', ''),
(26, 12, 20, 0, 0, 3, 0, '', '0000-00-00', 0, '0000-00-00', 0, '', 34, 2069, 4, 26, '2014-08-01', '2014-08-03', 'Local', ''),
(27, 12, 20, 0, 0, 3, 0, '', '0000-00-00', 0, '0000-00-00', 0, '', 36, 2069, 4, 27, '2014-08-08', '2014-08-10', 'local', ''),
(28, 12, 50, 0, 0, 3, 0, '', '0000-00-00', 0, '0000-00-00', 0, '', 37, 2069, 3, 28, '2014-08-01', '2014-08-03', 'Cajamarca', ''),
(29, 12, 20, 0, 0, 3, 0, '', '0000-00-00', 0, '0000-00-00', 0, '', 40, 2071, 4, 29, '2014-08-22', '2014-08-24', '', ''),
(30, 12, 20, 150, 50, 3, 70, '', '0000-00-00', 0, '0000-00-00', 0, '', 45, 2072, 4, 30, '2014-08-22', '2014-08-24', 'Tarapoto', ''),
(32, 12, 20, 150, 50, 3, 70, '', '0000-00-00', 0, '0000-00-00', 0, '', 49, 2073, 4, 32, '2014-09-05', '2014-09-07', 'Trujullo', ''),
(33, 12, 25, 0, 0, 3, 0, '', '0000-00-00', 0, '0000-00-00', 0, '', 54, 1, 4, 33, '2014-09-12', '2014-09-14', '', ''),
(34, 12, 20, 0, 0, 3, 0, '', '0000-00-00', 0, '0000-00-00', 0, '', 58, 2075, 4, 34, '2014-09-19', '2014-09-21', '', ''),
(35, 12, 20, 0, 0, 3, 0, '', '0000-00-00', 0, '0000-00-00', 0, '', 62, 2076, 4, 35, '2014-09-26', '2014-09-28', '', ''),
(36, 12, 50, 0, 0, 3, 0, '', '0000-00-00', 0, '0000-00-00', 0, '', 42, 2069, 3, 36, '2014-08-22', '2014-08-24', 'Local', ''),
(37, 12, 50, 0, 0, 3, 0, '', '0000-00-00', 0, '0000-00-00', 0, '', 46, 2071, 4, 37, '2014-08-15', '2014-08-17', 'Local', ''),
(38, 12, 50, 150, 50, 3, 70, '', '0000-00-00', 0, '0000-00-00', 0, '', 65, 2072, 4, 38, '2014-08-22', '2014-08-24', 'Tarapoto', ''),
(39, 12, 50, 150, 50, 3, 70, '', '0000-00-00', 0, '0000-00-00', 0, '', 66, 2073, 4, 39, '2014-09-05', '2014-09-07', 'Trujillo', ''),
(40, 12, 55, 0, 0, 3, 0, '', '0000-00-00', 0, '0000-00-00', 0, '', 67, 1, 4, 40, '2014-09-12', '2014-09-14', 'Local', ''),
(41, 12, 50, 0, 0, 3, 0, '', '0000-00-00', 0, '0000-00-00', 0, '', 68, 2075, 4, 41, '2014-09-19', '2014-09-21', 'Local', ''),
(42, 12, 50, 0, 0, 3, 0, '', '0000-00-00', 0, '0000-00-00', 0, '', 69, 2076, 4, 42, '2014-09-26', '2014-09-28', 'Local', ''),
(43, 10, 25, 200, 20, 3, 80, '', '0000-00-00', 0, '0000-00-00', 0, '', 70, 2087, 3, 43, '2014-10-03', '2014-10-05', 'Lima', ''),
(44, 10, 20, 100, 20, 3, 80, '', '0000-00-00', 0, '0000-00-00', 0, '', 70, 2080, 4, 44, '2014-10-03', '2014-10-05', 'Cajamarca', ''),
(45, 12, 20, 80, 70, 3, 80, '', '0000-00-00', 0, '0000-00-00', 0, '', 35, 2069, 3, 45, '2013-11-11', '2013-11-13', 'Trujillo', ''),
(46, 12, 25, 0, 0, 3, 0, '', '0000-00-00', 0, '0000-00-00', 0, '', 39, 2071, 4, 46, '2013-11-14', '2013-11-16', '', ''),
(47, 12, 20, 0, 0, 3, 0, '', '0000-00-00', 0, '0000-00-00', 0, '', 71, 2069, 3, 47, '2014-08-01', '2014-08-03', 'local', ''),
(48, 12, 20, 0, 0, 3, 0, '', '0000-00-00', 0, '0000-00-00', 0, '', 74, 2069, 4, 48, '2014-08-01', '2014-08-03', 'Local', ''),
(49, 12, 20, 0, 0, 3, 0, '', '0000-00-00', 0, '0000-00-00', 0, '', 77, 2069, 4, 49, '2014-08-01', '2014-08-03', 'LOCAL', ''),
(50, 12, 20, 0, 0, 3, 0, '', '0000-00-00', 0, '0000-00-00', 0, '', 84, 2069, 4, 50, '2014-08-08', '2014-08-10', 'Chiclayo', ''),
(51, 12, 20, 0, 0, 3, 0, '', '0000-00-00', 0, '0000-00-00', 0, '', 76, 2069, 4, 51, '2014-08-03', '2014-08-03', 'Local', ''),
(52, 12, 20, 0, 0, 3, 0, '', '0000-00-00', 0, '0000-00-00', 0, '', 75, 2069, 1, 52, '2014-08-01', '2014-08-03', 'Local', ''),
(54, 12, 20, 0, 0, 3, 0, '', '0000-00-00', 0, '0000-00-00', 0, '', 80, 2069, 4, 54, '2014-08-08', '2013-11-10', 'Chiclayo', ''),
(55, 12, 20, 0, 0, 3, 0, '', '0000-00-00', 0, '0000-00-00', 0, '', 82, 2069, 4, 55, '2014-08-08', '2014-08-10', 'Chiclayo', ''),
(56, 12, 20, 0, 0, 3, 0, '', '0000-00-00', 0, '0000-00-00', 0, '', 81, 2069, 1, 56, '2014-08-08', '2014-08-10', 'Local', ''),
(57, 12, 20, 0, 0, 3, 0, '', '0000-00-00', 0, '0000-00-00', 0, '', 88, 2071, 4, 57, '2014-08-22', '2014-08-24', 'Local', ''),
(58, 12, 20, 0, 0, 3, 0, '', '0000-00-00', 0, '0000-00-00', 0, '', 83, 2071, 1, 58, '2014-08-22', '2014-08-24', 'Local', ''),
(59, 12, 20, 0, 0, 3, 0, '', '0000-00-00', 0, '0000-00-00', 0, '', 90, 2071, 4, 59, '2014-08-22', '2014-08-24', 'Local', ''),
(60, 12, 20, 0, 0, 3, 0, '', '0000-00-00', 0, '0000-00-00', 0, '', 79, 2069, 4, 60, '2014-08-08', '2014-08-10', 'LOCAL', ''),
(61, 12, 20, 150, 50, 3, 70, '', '0000-00-00', 0, '0000-00-00', 0, '', 87, 2072, 1, 61, '2014-08-22', '2014-08-24', 'Piura', ''),
(62, 12, 20, 0, 0, 3, 0, '', '0000-00-00', 0, '0000-00-00', 0, '', 86, 2071, 4, 62, '2014-08-22', '2014-08-24', 'Local', ''),
(63, 12, 20, 0, 0, 3, 0, '', '0000-00-00', 0, '0000-00-00', 0, '', 85, 2071, 4, 63, '2014-08-22', '2014-08-24', 'LOCAL', ''),
(64, 12, 20, 150, 50, 3, 70, '', '0000-00-00', 0, '0000-00-00', 0, '', 92, 2073, 1, 64, '2014-09-05', '2014-09-07', 'Lima', ''),
(65, 12, 20, 0, 0, 3, 0, '', '0000-00-00', 0, '0000-00-00', 0, '', 78, 2069, 4, 65, '2014-08-01', '2014-08-03', 'local', ''),
(66, 12, 20, 150, 50, 3, 70, '', '0000-00-00', 0, '0000-00-00', 0, '', 89, 2072, 4, 66, '2014-08-22', '2014-08-24', 'OTRA CIUDAD', ''),
(67, 12, 25, 0, 0, 3, 0, '', '0000-00-00', 0, '0000-00-00', 0, '', 97, 1, 1, 67, '2014-09-12', '2014-09-14', 'Local', ''),
(68, 12, 20, 150, 50, 3, 70, '', '0000-00-00', 0, '0000-00-00', 0, '', 98, 2072, 5, 68, '2014-08-22', '2014-08-24', 'Chiclayo', ''),
(69, 12, 20, 150, 50, 3, 70, '', '0000-00-00', 0, '0000-00-00', 0, '', 93, 2073, 4, 69, '2014-09-05', '2014-09-07', 'OTRA CIUDAD', ''),
(70, 12, 20, 150, 50, 3, 70, '', '0000-00-00', 0, '0000-00-00', 0, '', 91, 2072, 4, 70, '2014-08-22', '2014-08-24', 'Lima', ''),
(71, 12, 20, 0, 0, 3, 0, '', '0000-00-00', 0, '0000-00-00', 0, '', 100, 2075, 1, 71, '2014-09-19', '2014-09-21', 'Local', ''),
(72, 12, 20, 150, 50, 3, 70, '', '0000-00-00', 0, '0000-00-00', 0, '', 104, 2073, 5, 72, '2014-09-05', '2014-09-07', 'Chiclayo', ''),
(73, 12, 25, 0, 0, 3, 0, '', '0000-00-00', 0, '0000-00-00', 0, '', 96, 2092, 4, 73, '2014-09-12', '2014-09-14', 'LOCAL', ''),
(74, 12, 20, 0, 0, 3, 0, '', '0000-00-00', 0, '0000-00-00', 0, '', 102, 2076, 1, 74, '2014-09-26', '2014-09-28', 'Local', ''),
(75, 12, 25, 0, 0, 3, 0, '', '0000-00-00', 0, '0000-00-00', 0, '', 106, 1, 5, 75, '2014-09-12', '2014-09-14', 'Local', ''),
(76, 12, 20, 0, 0, 3, 0, '', '0000-00-00', 0, '0000-00-00', 0, '', 99, 2075, 4, 76, '2014-09-19', '2014-09-21', 'LOCAL', ''),
(77, 12, 20, 0, 0, 3, 0, '', '0000-00-00', 0, '0000-00-00', 0, '', 110, 2075, 4, 77, '2014-09-19', '2014-09-21', 'Local', ''),
(78, 12, 20, 0, 0, 3, 0, '', '0000-00-00', 0, '0000-00-00', 0, '', 103, 2076, 4, 78, '2014-09-26', '2014-09-28', 'LOCAL', ''),
(79, 12, 20, 150, 50, 3, 70, '', '0000-00-00', 0, '0000-00-00', 0, '', 94, 2072, 4, 79, '2014-08-22', '2014-08-24', 'Chiclayo', ''),
(80, 12, 20, 0, 0, 3, 0, '', '0000-00-00', 0, '0000-00-00', 0, '', 112, 2076, 5, 80, '2014-09-26', '2014-09-28', 'Local', ''),
(81, 12, 20, 150, 50, 3, 70, '', '0000-00-00', 0, '0000-00-00', 0, '', 95, 2073, 4, 81, '2014-09-05', '2014-09-07', 'Piura', ''),
(82, 12, 20, 150, 50, 3, 70, '', '0000-00-00', 0, '0000-00-00', 0, '', 105, 2073, 4, 82, '2014-09-05', '2014-09-07', 'Chiclayo', ''),
(83, 12, 25, 0, 0, 3, 0, '', '0000-00-00', 0, '0000-00-00', 0, '', 101, 1, 4, 83, '2014-09-12', '2014-09-14', 'Local', ''),
(85, 12, 25, 0, 0, 3, 0, '', '0000-00-00', 0, '0000-00-00', 0, '', 107, 2074, 4, 85, '2014-08-12', '2014-09-14', 'Local', ''),
(86, 12, 20, 0, 0, 3, 0, '', '0000-00-00', 0, '0000-00-00', 0, '', 108, 2075, 4, 86, '2014-09-19', '2014-09-20', 'Local', ''),
(87, 12, 20, 0, 0, 3, 0, '', '0000-00-00', 0, '0000-00-00', 0, '', 111, 2076, 4, 87, '2014-09-26', '2014-09-28', 'Local', ''),
(88, 12, 20, 0, 0, 3, 0, '', '0000-00-00', 0, '0000-00-00', 0, '', 109, 2075, 5, 88, '2014-09-19', '2014-09-21', 'Local', ''),
(89, 12, 20, 0, 0, 3, 0, '', '0000-00-00', 0, '0000-00-00', 0, '', 113, 2076, 4, 89, '2014-09-26', '2014-09-28', 'Local', ''),
(90, 1, 0, 800, 100, 3, 250, '', '0000-00-00', 0, '0000-00-00', 0, '', 114, 2094, 4, 90, '2013-11-18', '2013-11-20', 'Lima', ''),
(91, 1, 0, 800, 100, 1, 250, '', '0000-00-00', 0, '0000-00-00', 0, '', 115, 2093, 4, 91, '2013-11-19', '2013-11-20', 'Lima', ''),
(92, 1, 0, 0, 0, 1, 0, '', '0000-00-00', 0, '0000-00-00', 0, '', 116, 2096, 4, 92, '2013-11-20', '2013-11-20', 'Local', ''),
(93, 1, 0, 800, 0, 1, 0, '', '0000-00-00', 0, '0000-00-00', 0, '', 117, 2097, 4, 93, '2013-11-19', '2013-11-20', 'Lima', ''),
(94, 18, 20, 0, 0, 4, 0, '', '0000-00-00', 0, '0000-00-00', 0, '', 118, 2101, 3, 94, '0000-00-00', '0000-00-00', '', ''),
(95, 9, 20, 0, 0, 4, 0, '', '0000-00-00', 0, '0000-00-00', 0, '', 119, 2101, -1, 95, '0000-00-00', '0000-00-00', '', ''),
(96, 9, 20, 0, 0, 4, 0, '', '0000-00-00', 0, '0000-00-00', 0, '', 120, 2101, -1, 96, '0000-00-00', '0000-00-00', '', ''),
(97, 18, 20, 0, 0, 4, 0, '', '0000-00-00', 0, '0000-00-00', 0, '', 121, 2101, -1, 97, '0000-00-00', '0000-00-00', '', ''),
(98, 18, 20, 0, 0, 4, 0, '', '0000-00-00', 0, '0000-00-00', 0, '', 123, 2101, -1, 98, '0000-00-00', '0000-00-00', '', ''),
(99, 18, 20, 0, 0, 4, 0, '', '0000-00-00', 0, '0000-00-00', 0, '', 123, 2101, -1, 99, '0000-00-00', '0000-00-00', '', ''),
(100, 18, 20, 0, 0, 4, 0, '', '0000-00-00', 0, '0000-00-00', 0, '', 124, 2101, -1, 100, '0000-00-00', '0000-00-00', '', ''),
(101, 20, 20, 100, 20, 4, 30, '', '0000-00-00', 0, '0000-00-00', 0, '', 125, 2088, 4, 101, '2017-02-19', '2017-02-24', 'La Paz', ''),
(102, 20, 20, 0, 0, 4, 0, '', '0000-00-00', 0, '0000-00-00', 0, '', 126, 2071, 4, 102, '2017-02-26', '2017-03-04', 'Cochabamba', ''),
(103, 15, 20, 0, 0, 4, 0, '', '0000-00-00', 0, '0000-00-00', 0, '', 127, 2082, 4, 103, '2017-02-19', '2017-02-25', '', ''),
(104, 15, 20, 0, 0, 4, 0, '', '0000-00-00', 0, '0000-00-00', 0, '', 128, 2089, -1, 104, '2017-02-26', '2017-03-04', '', ''),
(105, 15, 20, 0, 0, 4, 0, '', '0000-00-00', 0, '0000-00-00', 0, '', 128, 2069, 4, 105, '2017-02-26', '2017-03-04', '', ''),
(106, 10, 15, 0, 0, 5, 0, '', '0000-00-00', 0, '0000-00-00', 0, '', 130, 2071, 7, 106, '2017-03-06', '2017-03-10', 'Cochababa', ''),
(107, 10, 10, 0, 0, 5, 0, '', '0000-00-00', 0, '0000-00-00', 0, '', 131, 2089, 8, 107, '2017-03-13', '2017-03-17', 'Cochabamba', ''),
(108, 4, 20, 0, 0, 2, 0, '', '0000-00-00', 0, '0000-00-00', 0, '', 131, 2091, 5, 108, '2017-03-14', '2017-03-15', 'Cochabamba', ''),
(109, 10, 15, 0, 0, 5, 0, '', '0000-00-00', 0, '0000-00-00', 0, '', 132, 2107, 7, 109, '2017-03-20', '2017-03-24', 'Cochabamba', ''),
(110, 4, 15, 0, 0, 5, 0, '', '0000-00-00', 0, '0000-00-00', 0, '', 133, 2089, 4, 110, '2017-03-06', '2017-03-10', 'COCHABAMBA', ''),
(111, 4, 5, 0, 0, 5, 0, '', '0000-00-00', 0, '0000-00-00', 0, '', 134, 2094, 7, 111, '2017-03-13', '2017-03-17', 'COCHABAMBA', ''),
(112, 4, 20, 0, 0, 5, 0, '', '0000-00-00', 0, '0000-00-00', 0, '', 135, 2090, 3, 112, '2017-03-20', '2017-03-24', 'COCHABAMBA', ''),
(113, 4, 15, 0, 0, 5, 0, '', '0000-00-00', 0, '0000-00-00', 0, '', 136, 1, 5, 113, '2017-03-27', '2017-03-31', 'COCHABAMBA', ''),
(114, 20, 7, 0, 0, 10, 0, '', '0000-00-00', 0, '0000-00-00', 0, '', 138, 2069, 4, 114, '2017-03-06', '2017-03-17', 'Cochabamba', ''),
(115, 20, 10, 110, 5, 10, 30, '', '0000-00-00', 0, '0000-00-00', 0, '', 139, 2070, 3, 115, '2017-03-20', '2017-03-31', 'La Paz', ''),
(116, 20, 7, 0, 0, 10, 0, '', '0000-00-00', 0, '0000-00-00', 0, '', 140, 2091, -1, 116, '2017-04-03', '2017-04-14', 'Cochabamba', ''),
(117, 20, 7, 0, 0, 10, 0, '', '0000-00-00', 0, '0000-00-00', 0, '', 140, 2075, 4, 117, '2017-04-03', '2017-04-14', 'Cochabamba', ''),
(118, 20, 10, 110, 5, 10, 30, '', '0000-00-00', 0, '0000-00-00', 0, '', 141, 2070, 3, 118, '2017-04-17', '2017-04-28', 'La Paz', ''),
(119, 18, 20, 0, 0, 4, 0, '', '0000-00-00', 0, '0000-00-00', 0, '', 119, 2101, -1, 119, '0000-00-00', '0000-00-00', '', ''),
(120, 18, 20, 0, 0, 4, 0, '', '0000-00-00', 0, '0000-00-00', 0, '', 119, 2101, -1, 120, '0000-00-00', '0000-00-00', '', ''),
(121, 18, 20, 0, 0, 4, 0, '', '0000-00-00', 0, '0000-00-00', 0, '', 120, 2082, -1, 121, '0000-00-00', '0000-00-00', '', ''),
(122, 18, 20, 0, 0, 4, 0, '', '0000-00-00', 0, '0000-00-00', 0, '', 121, 2083, -1, 122, '0000-00-00', '0000-00-00', '', ''),
(123, 18, 20, 0, 0, 4, 0, '', '0000-00-00', 0, '0000-00-00', 0, '', 119, 2107, -1, 123, '0000-00-00', '0000-00-00', '', ''),
(124, 18, 20, 0, 0, 4, 0, '', '0000-00-00', 0, '0000-00-00', 0, '', 120, 2107, -1, 124, '0000-00-00', '0000-00-00', '', '');

--
-- Dumping data for table `escuela`
--

INSERT INTO `escuela` (`idescuela`, `nombre`, `sigla`) VALUES
(1, 'Marketing', 'MKT'),
(2, 'Producción', 'PRO'),
(3, 'Gestión', 'GES');

--
-- Dumping data for table `materia`
--

INSERT INTO `materia` (`idMateria`, `Nombre`, `Horas`, `codigo`, `nombre_oficial`, `idprograma`, `cod_dti`) VALUES
(1, 'Modelo de Negocios', 20, 'DPN1', '', 1, 0),
(2, 'Inteligencia de Mercados', 20, 'DPN2', '', 2, 0),
(3, 'Plan Comercial', 20, 'DPN3', '', 1, 0),
(4, 'Ciclo Estratégico', 12, 'CPN1', '', 2, 0),
(5, 'Inteligencia de Mercados', 12, 'CPN2', '', 2, 0),
(6, 'Plan de Marketing', 12, 'CPN2', '', 2, 0),
(7, 'Plan de Producción', 12, 'CPN3', '', 2, 0),
(8, 'Organización', 12, 'CPN5', '', 2, 0),
(9, 'Requerimientos', 12, 'CPN6', '', 2, 0),
(10, 'Plan Financiero 1', 12, 'CPN7', '', 2, 0),
(11, 'Plan Financiero 2', 12, 'CPN8', '', 2, 0),
(12, 'Diseño de Marcas', 20, '', '', 2, 0),
(13, 'Presentacion del Evento', 0, '', '', 8, 0),
(14, 'Condiciones para Exportar', 0, '', '', 8, 0),
(15, 'Potencial Exportador Corredor Nor Amazonico', 0, '', '', 8, 0),
(16, 'Vigencia de los Corredores Interoceanicos', 0, '', '', 8, 0),
(17, 'DISCAPACIDAD Y NECESIDADES EDUCATIVAS ESPECIALES ', 40, '', '', 10, 0),
(18, 'FUNDAMENTOS DE EDUCACIÓN ESPECIAL E INCLUSIÓN ESCOLAR', 40, '', '', 10, 0),
(19, 'DIFICULTADES DE APRENDIZAJE EN EL ENTORNO ESCOLAR ', 40, '', '', 10, 0),
(20, 'LENGUAJE Y COMUNICACIÓN ALTERNATIVA ', 40, '', '', 10, 0),
(21, 'PROBLEMAS DE CONDUCTA EN EL ENTORNO ESCOLAR', 40, '', '', 10, 0),
(22, 'ESTRATEGÍAS DE MEJORA DEL RENDIMIENTO ESCOLAR ', 40, '', '', 10, 0),
(23, 'Fundamentos de soldadura', 20, 'SOL1', '', 11, 0),
(24, 'Tipos de soldadura', 20, 'SOL2', '', 11, 0),
(25, 'La Electricidad', 15, 'ELE1', '', 12, 0),
(26, 'Instalaciones Eléctricas', 15, 'ELE2', '', 12, 0),
(27, 'Tipos de Instalaciones', 15, 'ELE3', '', 12, 0),
(28, 'TINTES', 10, 'PEL1', '', 18, 0),
(29, 'CORTES', 10, 'PEL2', '', 18, 0),
(30, 'PEINADOS', 10, 'PEL3', '', 18, 0),
(31, 'CONFECCIÓN INDUSTRIAL', 4, 'CIN', '', 14, 0),
(32, 'BORDADO COMPUTARIZADO', 4, 'BOC', '', 14, 0),
(33, 'ALTA COSTURA', 4, 'ALC', '', 14, 0),
(34, 'DISEÑO Y PATRONAJE', 4, 'DIP', '', 14, 0),
(35, 'CONTROL DE CALIDAD', 4, 'COC', '', 14, 0),
(36, 'Contabilidad I', 20, 'INF1', '', 20, 0),
(37, 'Excel avanzado', 20, 'INF2', '', 20, 0),
(38, 'Ofimatica', 20, 'INF3', '', 20, 0),
(39, 'Bases de datos', 20, 'INF4', '', 20, 0);

--
-- Dumping data for table `materiaversion`
--

INSERT INTO `materiaversion` (`idMateriaVersion`, `Universidad`, `idVersion`, `idTipoMateria`, `idMateria`, `orden`) VALUES
(1, '', 1, 0, 1, 1),
(2, '', 1, 0, 2, 2),
(3, '', 1, 0, 3, 3),
(4, '', 2, 0, 4, 1),
(6, '', 2, 0, 5, 2),
(10, '', 2, 0, 6, 3),
(11, '', 2, 0, 7, 4),
(12, '', 2, 0, 8, 5),
(13, '', 2, 0, 9, 6),
(14, '', 2, 0, 10, 7),
(15, '', 2, 0, 11, 8),
(16, '', 4, 0, 4, 1),
(17, '', 4, 0, 5, 2),
(18, '', 4, 0, 6, 3),
(19, '', 4, 0, 7, 4),
(20, '', 4, 0, 8, 5),
(21, '', 4, 0, 9, 6),
(22, '', 4, 0, 10, 7),
(23, '', 4, 0, 11, 8),
(24, '', 5, 0, 4, 1),
(25, '', 5, 0, 5, 2),
(27, '', 5, 0, 6, 3),
(28, '', 5, 0, 7, 4),
(29, '', 5, 0, 8, 5),
(30, '', 5, 0, 9, 6),
(31, '', 5, 0, 10, 7),
(32, '', 5, 0, 11, 8),
(34, '', 19, 0, 4, 1),
(35, 'BMS', 9, 0, 4, 1),
(36, '', 19, 0, 5, 2),
(37, '', 7, 0, 4, 1),
(38, '', 6, 0, 4, 1),
(39, '', 9, 0, 5, 2),
(40, '', 19, 0, 6, 3),
(41, '', 6, 0, 5, 2),
(42, '', 7, 0, 5, 2),
(43, '', 6, 0, 6, 3),
(44, '', 9, 0, 6, 3),
(45, '', 19, 0, 7, 4),
(46, '', 7, 0, 6, 3),
(47, '', 6, 0, 7, 4),
(48, '', 9, 0, 7, 4),
(49, '', 19, 0, 8, 5),
(50, '', 6, 0, 8, 5),
(52, '', 9, 0, 8, 5),
(54, '', 19, 0, 9, 6),
(55, '', 6, 0, 9, 6),
(56, '', 9, 0, 9, 6),
(57, '', 6, 0, 10, 7),
(58, '', 19, 0, 10, 7),
(60, '', 6, 0, 11, 8),
(61, '', 9, 0, 10, 7),
(62, '', 19, 0, 11, 8),
(64, '', 9, 0, 11, 8),
(65, '', 7, 0, 7, 4),
(66, '', 7, 0, 8, 5),
(67, '', 7, 0, 9, 6),
(68, '', 7, 0, 10, 7),
(69, '', 7, 0, 11, 8),
(70, '', 19, 0, 12, 9),
(71, '', 20, 0, 4, 1),
(72, '', 20, 0, 2, 2),
(73, '', 20, 0, 6, 3),
(74, '', 44, 0, 4, 1),
(75, '', 36, 0, 4, 1),
(76, '', 33, 0, 4, 1),
(77, '', 32, 0, 4, 1),
(78, '', 31, 0, 4, 1),
(79, '', 32, 0, 5, 2),
(80, '', 44, 0, 2, 2),
(81, '', 36, 0, 2, 2),
(82, '', 33, 0, 5, 2),
(83, '', 36, 0, 6, 3),
(84, '', 31, 0, 5, 2),
(85, '', 32, 0, 6, 3),
(86, '', 33, 0, 6, 3),
(87, '', 36, 0, 7, 4),
(88, '', 31, 0, 6, 3),
(89, '', 32, 0, 7, 4),
(90, '', 44, 0, 6, 3),
(91, '', 33, 0, 7, 4),
(92, '', 36, 0, 8, 5),
(93, '', 32, 0, 8, 5),
(94, '', 31, 0, 7, 4),
(95, '', 33, 0, 8, 5),
(96, '', 32, 0, 9, 6),
(97, '', 36, 0, 9, 6),
(98, '', 44, 0, 7, 4),
(99, '', 32, 0, 10, 7),
(100, '', 36, 0, 10, 7),
(101, '', 33, 0, 9, 6),
(102, '', 36, 0, 11, 8),
(103, '', 32, 0, 11, 8),
(104, '', 44, 0, 8, 5),
(105, '', 31, 0, 8, 5),
(106, '', 44, 0, 9, 6),
(107, '', 31, 0, 9, 6),
(108, '', 33, 0, 10, 7),
(109, '', 31, 0, 10, 7),
(110, '', 44, 0, 10, 7),
(111, '', 33, 0, 11, 8),
(112, '', 44, 0, 11, 8),
(113, '', 31, 0, 11, 8),
(114, '', 45, 0, 13, 1),
(115, '', 45, 0, 14, 2),
(116, '', 45, 0, 15, 3),
(117, '', 45, 0, 16, 4),
(118, '', 47, 0, 17, 1),
(119, '', 47, 0, 18, 6),
(120, '', 47, 0, 19, 3),
(121, '', 47, 0, 20, 4),
(122, '', 47, 0, -1, 5),
(123, '', 47, 0, 21, 5),
(124, '', 47, 0, 22, 6),
(125, '', 48, 0, 23, 1),
(126, '', 48, 0, 24, 2),
(127, '', 49, 0, 25, 2),
(128, '', 49, 0, 26, 2),
(129, '', 49, 0, 27, 3),
(130, '', 55, 0, 28, 1),
(131, '', 55, 0, 29, 2),
(132, '', 55, 0, 30, 3),
(133, '', 50, 0, 31, 1),
(134, '', 50, 0, 32, 2),
(135, '', 50, 0, 33, 3),
(136, '', 50, 0, 34, 4),
(138, '', 57, 0, 36, 1),
(139, '', 57, 0, 37, 2),
(140, '', 57, 0, 38, 3),
(141, '', 57, 0, 39, 4);

--
-- Dumping data for table `medio`
--

INSERT INTO `medio` (`idmedio`, `nombre`) VALUES
(1, 'Suplemento OH! - Los Tiempos'),
(2, 'Red IBCE'),
(3, 'Mailing'),
(4, 'Los Tiempos Digital '),
(5, 'Promoción en Línea '),
(6, 'La Razón - ESCAPE'),
(7, 'El Deber'),
(12, 'Promoción en Línea '),
(13, 'La Razón - ESCAPE'),
(15, 'Cuerpo Principal - La Razon'),
(16, 'Buro Bolivia'),
(17, 'Mailing IBE'),
(18, 'Clasificados - Los Tiempos'),
(19, 'Volantes'),
(20, 'Banner');

--
-- Dumping data for table `modulo`
--

INSERT INTO `modulo` (`idModulo`, `Nombre`) VALUES
(1, 'Parámetros'),
(2, 'Planificación'),
(3, 'Ejecución'),
(4, 'Reportes'),
(5, 'Seguridad');

--
-- Dumping data for table `nivelesacceso`
--

INSERT INTO `nivelesacceso` (`idnivel`, `nombre`) VALUES
(1, 'Sin acceso'),
(2, 'Lectura'),
(3, 'Lectura + Edición'),
(4, 'Insertar'),
(5, 'Lectura + Insertar'),
(6, 'Lectura + Edición + Insertar');

--
-- Dumping data for table `planmateriaversiondocente`
--

INSERT INTO `planmateriaversiondocente` (`idPlanMateriaVersionDocente`, `Horas`, `HonorariosHora`, `Pasajes`, `ViaticosDia`, `Dias`, `HospedajeDia`, `idCategoria`, `idRecursoHumano`, `idMateriaVersion`, `Inicio`, `Fin`, `procedencia`) VALUES
(1, 20, 25, 100, 15, 4, 30, 3, 2068, 1, '2014-01-09', '2014-01-12', 'Cochabamba'),
(2, 12, 20, 0, 0, 3, 0, 4, 2069, 4, '2014-08-01', '2014-08-03', 'Santa Cruz'),
(3, 12, 20, 150, 50, 3, 70, 4, 2070, 6, '2014-08-08', '2014-08-10', 'Cochabamba'),
(4, 12, 20, 0, 0, 3, 0, 4, 2071, 10, '2014-08-15', '2014-08-17', 'Santa Cruz'),
(5, 12, 20, 150, 50, 3, 70, 3, 2072, 11, '2014-08-22', '2014-08-24', 'Cochabamba'),
(6, 12, 20, 150, 50, 3, 70, 4, 2073, 12, '2014-09-05', '2014-09-07', 'Cochabamba'),
(7, 12, 20, 0, 0, 3, 0, 3, 2074, 13, '2014-09-12', '2014-09-14', 'Santa Cruz'),
(8, 12, 20, 0, 0, 3, 0, 3, 2075, 14, '2014-09-19', '2014-09-21', 'Santa Cruz'),
(9, 12, 20, 0, 0, 3, 0, 3, 2076, 15, '2014-09-26', '2014-09-28', 'Santa Cruz'),
(10, 12, 20, 0, 0, 3, 0, 4, 2069, 16, '2014-08-01', '2014-08-03', 'Santa Cruz'),
(11, 12, 20, 150, 50, 3, 70, 4, 2070, 17, '2014-08-08', '2014-08-10', 'Cochabamba'),
(12, 12, 20, 0, 0, 3, 0, 4, 2071, 18, '2014-08-15', '2014-08-17', 'Santa Cruz'),
(13, 12, 20, 150, 50, 3, 70, 3, 2072, 19, '2014-08-22', '2014-08-24', 'Cochabamba'),
(14, 12, 20, 150, 50, 3, 70, 4, 2073, 20, '2014-09-05', '2014-09-07', 'Cochabamba'),
(15, 12, 20, 0, 0, 3, 0, 3, 2074, 21, '2014-09-12', '2014-09-14', 'Santa Cruz'),
(16, 12, 20, 0, 0, 3, 0, 3, 2075, 22, '2014-09-19', '2014-09-21', 'Santa Cruz'),
(17, 12, 20, 0, 0, 3, 0, 3, 2076, 23, '2014-09-26', '2014-09-28', 'Santa Cruz'),
(18, 12, 20, 0, 0, 3, 0, 4, 2071, 24, '2014-08-01', '2014-08-03', 'Santa Cruz'),
(19, 12, 20, 0, 0, 3, 0, 5, 2069, 25, '2014-08-08', '2014-08-10', 'Santa Cruz'),
(20, 12, 20, 150, 3, 3, 150, 4, 2070, 27, '2014-08-15', '2014-08-17', 'Cochabamba'),
(21, 3, 20, 0, 0, 12, 0, -1, 2077, 28, '2014-08-22', '2014-08-24', 'Local'),
(22, 12, 20, 700, 50, 3, 150, 5, 2078, 29, '2014-09-05', '2014-09-07', 'Cochabamba'),
(23, 12, 0, 0, 0, 3, 0, 4, 2068, 30, '2014-09-12', '2014-09-14', 'Cochabamba'),
(24, 12, 12, 0, 0, 3, 0, 2, 2068, 31, '2014-09-19', '2014-09-21', 'Potosí'),
(25, 12, 20, 100, 50, 3, 100, 4, 5, 32, '2014-09-26', '2014-09-28', 'Cochabamba'),
(26, 12, 20, 0, 0, 3, 0, 4, 2069, 34, '2014-08-01', '2014-08-03', 'Local'),
(27, 12, 20, 150, 50, 3, 70, 4, 2070, 36, '2014-08-08', '2014-08-10', 'Tarapoto'),
(28, 12, 50, 0, 0, 3, 0, 3, 2069, 37, '2014-08-01', '2014-08-03', 'Cajamarca'),
(29, 12, 20, 0, 0, 3, 0, 4, 2071, 40, '2014-08-15', '2014-08-17', ''),
(30, 12, 20, 150, 50, 3, 70, 4, 2072, 45, '2014-08-22', '2014-08-24', 'Tarapoto'),
(32, 12, 20, 150, 50, 3, 70, 4, 2073, 49, '2014-09-05', '2014-09-07', 'Trujullo'),
(33, 12, 20, 0, 0, 3, 0, 4, 2074, 54, '2014-09-12', '2014-09-14', ''),
(34, 12, 20, 0, 0, 3, 0, 4, 2075, 58, '2014-09-19', '2014-09-21', ''),
(35, 12, 20, 0, 0, 3, 0, 4, 2076, 62, '2014-09-26', '2014-09-28', ''),
(36, 12, 50, 150, 50, 3, 70, 3, 2070, 42, '2014-08-08', '2014-08-10', 'PIURA'),
(37, 12, 50, 0, 0, 3, 0, 4, 2071, 46, '2014-08-15', '2014-08-17', 'Local'),
(38, 12, 50, 150, 50, 3, 70, 4, 2072, 65, '2014-08-22', '2014-08-24', 'Tarapoto'),
(39, 12, 50, 150, 50, 3, 70, 4, 2073, 66, '2014-09-05', '2014-09-07', 'Trujillo'),
(40, 12, 50, 0, 0, 3, 0, 4, 2074, 67, '2014-09-12', '2014-09-14', 'Local'),
(41, 12, 50, 0, 0, 3, 0, 4, 2075, 68, '2014-09-19', '2014-09-21', 'Local'),
(42, 12, 50, 0, 0, 3, 0, 4, 2076, 69, '2014-09-26', '2014-09-28', 'Local'),
(43, 10, 25, 200, 20, 3, 80, 3, 2087, 70, '2014-10-03', '2014-10-05', 'Lima'),
(44, 10, 20, 100, 20, 3, 80, 4, 2080, 70, '2014-10-03', '2014-10-05', 'Cajamarca'),
(45, 12, 20, 80, 70, 3, 80, 3, 2069, 35, '2013-11-11', '2013-11-13', 'Trujillo'),
(46, 12, 25, 0, 0, 3, 0, 4, 2071, 39, '2013-11-14', '2013-11-16', ''),
(47, 12, 20, 0, 0, 3, 0, 3, 2069, 71, '2014-08-01', '2014-08-03', 'local'),
(48, 12, 20, 0, 0, 3, 0, 4, 2069, 74, '2014-08-01', '2014-08-03', 'Local'),
(49, 12, 20, 0, 0, 3, 0, 4, 2069, 77, '2014-08-01', '2014-08-03', 'LOCAL'),
(50, 12, 20, 150, 50, 3, 70, 4, 2070, 84, '2014-08-08', '2014-08-10', 'Chiclayo'),
(51, 12, 20, 0, 0, 3, 0, 4, 2069, 76, '2014-08-03', '2014-08-03', 'Local'),
(52, 12, 20, 0, 0, 3, 0, 1, 2069, 75, '2014-08-01', '2014-08-03', 'Local'),
(54, 12, 20, 150, 50, 3, 70, 4, 2070, 80, '2014-08-08', '2013-11-10', 'Chiclayo'),
(55, 12, 20, 150, 50, 3, 70, 4, 2070, 82, '2014-08-08', '2014-08-10', 'Chiclayo'),
(56, 12, 20, 150, 50, 3, 70, 1, 2070, 81, '2014-08-08', '2014-08-10', 'Chiclayo'),
(57, 12, 20, 0, 0, 3, 0, 4, 2071, 88, '2014-08-15', '2014-08-17', 'Local'),
(58, 12, 20, 0, 0, 3, 0, 1, 2071, 83, '2014-08-15', '2014-08-17', 'Local'),
(59, 12, 20, 0, 0, 3, 0, 4, 2071, 90, '2014-08-15', '2014-08-17', 'Local'),
(60, 12, 20, 150, 50, 3, 70, 4, 2070, 79, '2014-08-08', '2014-08-10', 'OTRA CIUDAD'),
(61, 12, 20, 150, 50, 3, 70, 1, 2072, 87, '2014-08-22', '2014-08-24', 'Piura'),
(62, 12, 20, 0, 0, 3, 0, 4, 2071, 86, '2014-08-15', '2014-08-17', 'Local'),
(63, 12, 20, 0, 0, 3, 0, 4, 2071, 85, '2014-08-15', '2014-08-17', 'LOCAL'),
(64, 12, 20, 150, 50, 3, 70, 1, 2073, 92, '2014-09-05', '2014-09-07', 'Lima'),
(65, 12, 20, 0, 0, 3, 0, 4, 2069, 78, '2014-08-01', '2014-08-03', 'local'),
(66, 12, 20, 150, 50, 3, 70, 4, 2072, 89, '2014-08-22', '2014-08-24', 'OTRA CIUDAD'),
(67, 12, 20, 0, 0, 3, 0, 1, 2074, 97, '2014-09-12', '2014-09-14', 'Local'),
(68, 12, 20, 150, 50, 3, 70, 5, 2072, 98, '2014-08-22', '2014-08-24', 'Chiclayo'),
(69, 12, 20, 150, 50, 3, 70, 4, 2073, 93, '2014-09-05', '2014-09-07', 'OTRA CIUDAD'),
(70, 12, 20, 150, 50, 3, 70, 4, 2072, 91, '2014-08-22', '2014-08-24', 'Lima'),
(71, 12, 20, 0, 0, 3, 0, 1, 2075, 100, '2014-09-19', '2014-09-21', 'Local'),
(72, 12, 20, 150, 50, 3, 70, 5, 2073, 104, '2014-09-05', '2014-09-07', 'Chiclayo'),
(73, 12, 20, 0, 0, 3, 0, 4, 2074, 96, '2014-09-12', '2014-09-14', 'LOCAL'),
(74, 12, 20, 0, 0, 3, 0, 1, 2076, 102, '2014-09-26', '2014-09-28', 'Local'),
(75, 12, 20, 0, 0, 3, 0, 5, 2074, 106, '2014-09-12', '2014-09-14', 'Local'),
(76, 12, 20, 0, 0, 3, 0, 4, 2075, 99, '2014-09-19', '2014-09-21', 'LOCAL'),
(77, 12, 20, 0, 0, 3, 0, 4, 2075, 110, '2014-09-19', '2014-09-21', 'Local'),
(78, 12, 20, 0, 0, 3, 0, 4, 2076, 103, '2014-09-26', '2014-09-28', 'LOCAL'),
(79, 12, 20, 150, 50, 3, 70, 4, 2072, 94, '2014-08-22', '2014-08-24', 'Chiclayo'),
(80, 12, 20, 0, 0, 3, 0, 5, 2076, 112, '2014-09-26', '2014-09-28', 'Local'),
(81, 12, 20, 150, 50, 3, 70, 4, 2073, 95, '2014-09-05', '2014-09-07', 'Piura'),
(82, 12, 20, 150, 50, 3, 70, 4, 2073, 105, '2014-09-05', '2014-09-07', 'Chiclayo'),
(83, 12, 20, 0, 0, 3, 0, 4, 2074, 101, '2014-09-12', '2014-09-14', 'Local'),
(85, 12, 20, 0, 0, 3, 0, 4, 2074, 107, '2014-08-12', '2014-09-14', 'Local'),
(86, 12, 20, 0, 0, 3, 0, 4, 2075, 108, '2014-09-19', '2014-09-20', 'Local'),
(87, 12, 20, 0, 0, 3, 0, 4, 2076, 111, '2014-09-26', '2014-09-28', 'Local'),
(88, 12, 20, 0, 0, 3, 0, 5, 2075, 109, '2014-09-19', '2014-09-21', 'Local'),
(89, 12, 20, 0, 0, 3, 0, 4, 2076, 113, '2014-09-26', '2014-09-28', 'Local'),
(90, 1, 0, 800, 100, 3, 250, 4, 2094, 114, '2013-11-18', '2013-11-20', 'Lima'),
(91, 1, 0, 800, 0, 1, 0, 4, 2095, 115, '2013-11-20', '2013-11-20', 'Lima'),
(92, 1, 0, 0, 0, 1, 0, 4, 2096, 116, '2013-11-20', '2013-11-20', 'Local'),
(93, 1, 0, 800, 0, 1, 0, 4, 2097, 117, '2013-11-19', '2013-11-20', 'Lima'),
(94, 18, 20, 0, 0, 4, 0, 3, 2101, 118, '0000-00-00', '0000-00-00', ''),
(95, 9, 20, 0, 0, 4, 0, -1, 2101, 119, '0000-00-00', '0000-00-00', ''),
(96, 9, 20, 0, 0, 4, 0, -1, 2101, 120, '0000-00-00', '0000-00-00', ''),
(97, 18, 20, 0, 0, 4, 0, -1, 2101, 121, '0000-00-00', '0000-00-00', ''),
(98, 18, 20, 0, 0, 4, 0, -1, 2101, 123, '0000-00-00', '0000-00-00', ''),
(99, 18, 20, 0, 0, 4, 0, -1, 2101, 123, '0000-00-00', '0000-00-00', ''),
(100, 18, 20, 0, 0, 4, 0, -1, 2101, 124, '0000-00-00', '0000-00-00', ''),
(101, 20, 20, 100, 20, 4, 30, 4, 2088, 125, '2017-02-19', '2017-02-24', 'La Paz'),
(102, 20, 20, 0, 0, 4, 0, 4, 2071, 126, '2017-02-26', '2017-03-04', 'Cochabamba'),
(103, 15, 20, 0, 0, 4, 0, 4, 2082, 127, '2017-02-19', '2017-02-25', ''),
(104, 15, 20, 0, 0, 4, 0, -1, 2089, 128, '2017-02-26', '2017-03-04', ''),
(105, 15, 20, 0, 0, 4, 0, 4, 2069, 128, '2017-02-26', '2017-03-04', ''),
(106, 10, 15, 0, 0, 5, 0, 7, 2071, 130, '2017-03-06', '2017-03-10', 'Cochababa'),
(107, 10, 10, 0, 0, 5, 0, 8, 2089, 131, '2017-03-13', '2017-03-17', 'Cochabamba'),
(108, 4, 20, 0, 0, 2, 0, 5, 2091, 131, '2017-03-14', '2017-03-15', 'Cochabamba'),
(109, 10, 15, 0, 0, 5, 0, 7, 2107, 132, '2017-03-20', '2017-03-24', 'Cochabamba'),
(110, 4, 15, 0, 0, 5, 0, 4, 2089, 133, '2017-03-06', '2017-03-10', 'COCHABAMBA'),
(111, 4, 5, 0, 0, 5, 0, 7, 2094, 134, '2017-03-13', '2017-03-17', 'COCHABAMBA'),
(112, 4, 20, 0, 0, 5, 0, 3, 2090, 135, '2017-03-20', '2017-03-24', 'COCHABAMBA'),
(113, 4, 15, 0, 0, 5, 0, 5, 1, 136, '2017-03-27', '2017-03-31', 'COCHABAMBA'),
(114, 20, 7, 0, 0, 10, 0, 4, 2069, 138, '2017-03-06', '2017-03-17', 'Cochabamba'),
(115, 20, 10, 110, 5, 10, 30, 3, 2070, 139, '2017-03-20', '2017-03-31', 'La Paz'),
(116, 20, 7, 0, 0, 10, 0, -1, 2091, 140, '2017-04-03', '2017-04-14', 'Cochabamba'),
(117, 20, 7, 0, 0, 10, 0, 4, 2075, 140, '2017-04-03', '2017-04-14', 'Cochabamba'),
(118, 20, 10, 110, 5, 10, 30, 3, 2070, 141, '2017-04-17', '2017-04-28', 'La Paz'),
(119, 18, 20, 0, 0, 4, 0, -1, 2101, 119, '0000-00-00', '0000-00-00', ''),
(120, 18, 20, 0, 0, 4, 0, -1, 2101, 119, '0000-00-00', '0000-00-00', ''),
(121, 18, 20, 0, 0, 4, 0, -1, 2082, 120, '0000-00-00', '0000-00-00', ''),
(122, 18, 20, 0, 0, 4, 0, -1, 2083, 121, '0000-00-00', '0000-00-00', ''),
(123, 18, 20, 0, 0, 4, 0, -1, 2107, 119, '0000-00-00', '0000-00-00', ''),
(124, 18, 20, 0, 0, 4, 0, -1, 2107, 120, '0000-00-00', '0000-00-00', '');

--
-- Dumping data for table `planmedios`
--

INSERT INTO `planmedios` (`idPlanMedios`, `Fecha`, `idVersion`, `idmedio`, `Especificaciones`, `Precio`, `Observaciones`, `ejecutado`, `fechaejecutado`, `montoejecutado`) VALUES
(1, '2014-07-06', 2, 17, 'Santa Cruz', 200, '', 1, '2014-07-06', 200),
(2, '2014-07-13', 2, 7, 'Cuarta Página', 300, '', 1, '2014-07-13', 320),
(3, '2013-11-01', 4, 3, '', 400, '', 0, '0000-00-00', 0),
(4, '2014-07-13', 19, 4, '', 300, '', 1, '0000-00-00', 400),
(5, '2014-07-24', 19, 3, '', 200, '', 1, '0000-00-00', 220),
(6, '2013-11-09', 19, 16, '', 120, '', 0, '0000-00-00', 0),
(7, '2014-07-18', 44, 3, '', 150, 'Tres pases', 0, '0000-00-00', 0),
(8, '2014-07-27', 44, 4, '', 300, '', 0, '0000-00-00', 0),
(9, '2013-11-15', 45, 19, 'encargar 100 volantes', 70, 'Imprenta Tito', 0, '0000-00-00', 0),
(10, '2013-11-15', 45, 20, '4x3 mts', 240, 'El Aguila', 0, '0000-00-00', 0);

--
-- Dumping data for table `presupuestogastos`
--

INSERT INTO `presupuestogastos` (`idPresupuestoGastos`, `Valor`, `idTiposGastos`, `idVersion`, `idaplicacion`, `idclasificacion`) VALUES
(1, 500, 4, 1, 1, 6),
(2, 500, 4, 2, 1, 6),
(3, 60, 16, 2, 2, 12),
(4, 2, 10, 2, 4, 9),
(5, 1600, 30, 2, 1, 4),
(6, 2, 27, 2, 3, 5),
(7, 5, 28, 2, 2, 5),
(8, 400, 21, 2, 1, 6),
(9, 480, 31, 2, 1, 4),
(10, 1, 25, 2, 6, 12),
(11, 20, 17, 2, 6, 13),
(12, 500, 4, 4, 1, 6),
(13, 60, 16, 4, 2, 12),
(14, 2, 10, 4, 4, 9),
(15, 1600, 30, 4, 1, 4),
(16, 2, 27, 4, 3, 5),
(17, 5, 28, 4, 2, 5),
(18, 400, 21, 4, 1, 6),
(19, 480, 31, 4, 1, 4),
(20, 1, 25, 4, 6, 12),
(21, 20, 17, 4, 6, 13),
(27, 500, 21, 5, 1, 6),
(28, 10, 20, 5, 3, 8),
(29, 500, 4, 19, 1, -1),
(30, 60, 16, 19, 2, -1),
(31, 2, 10, 19, 4, 9),
(32, 1600, 30, 19, 1, 4),
(33, 2, 27, 19, 3, 5),
(34, 5, 28, 19, 2, 5),
(35, 400, 21, 19, 1, 6),
(36, 480, 31, 19, 1, 4),
(37, 1, 25, 19, 6, 6),
(38, 20, 17, 19, 6, 13),
(39, 500, 4, 7, 1, -1),
(40, 60, 16, 7, 2, -1),
(43, 20, 30, 9, 1, 4),
(44, 5, 28, 9, 2, 8),
(45, 2, 10, 20, 4, 9),
(46, 1600, 30, 20, 1, 4),
(47, 2, 27, 20, 3, 5),
(48, 5, 28, 20, 2, 5),
(49, 400, 21, 20, 1, 6),
(50, 2, 14, 19, 2, 5),
(51, 0, -1, 7, -1, -1),
(52, 67, 3, 7, 2, 3),
(53, 500, 4, 44, 1, 6),
(54, 500, 4, 33, 1, 6),
(55, 500, 4, 32, 1, 6),
(56, 500, 4, 36, 1, 6),
(57, 500, 4, 31, 1, 6),
(58, 60, 16, 44, 2, 12),
(59, 60, 16, 36, 2, 12),
(60, 60, 16, 33, 2, 12),
(61, 60, 16, 31, 2, 12),
(62, 60, 16, 32, 2, 12),
(63, 2, 10, 36, 4, 9),
(64, 2, 10, 44, 4, 9),
(65, 2, 10, 33, 4, 9),
(66, 2, 10, 31, 4, 9),
(67, 2, 10, 32, 4, 9),
(69, 1600, 30, 36, 1, 4),
(70, 1600, 30, 33, 1, 4),
(71, 1600, 30, 44, 1, 4),
(72, 1600, 30, 32, 1, 4),
(73, 1600, 30, 31, 1, 4),
(74, 2, 27, 32, 3, 5),
(75, 2, 27, 36, 3, 5),
(76, 2, 27, 44, 3, 5),
(77, 2, 27, 33, 3, 5),
(78, 2, 27, 31, 3, 5),
(79, 5, 28, 44, 2, 5),
(80, 5, 28, 33, 2, 5),
(81, 5, 28, 32, 2, 5),
(82, 5, 28, 36, 2, 5),
(83, 5, 28, 31, 2, 5),
(84, 400, 21, 44, 1, 6),
(85, 400, 21, 36, 1, 6),
(86, 400, 21, 33, 1, 6),
(87, 400, 21, 32, 1, 6),
(88, 400, 21, 31, 1, 6),
(89, 480, 31, 44, 1, 4),
(90, 480, 31, 36, 1, 4),
(91, 480, 31, 32, 1, 4),
(92, 480, 31, 33, 1, 4),
(93, 480, 31, 31, 1, 4),
(94, 1, 25, 36, 6, 12),
(95, 1, 25, 44, 6, 6),
(96, 1, 25, 33, 6, 6),
(97, 1, 25, 32, 6, 12),
(98, 1, 25, 31, 6, 6),
(99, 20, 17, 44, 6, 13),
(100, 20, 17, 36, 6, 13),
(101, 20, 17, 33, 6, 13),
(102, 20, 17, 32, 6, 13),
(103, 20, 17, 31, 6, 13),
(104, 0, -1, 31, -1, -1),
(105, 850, 30, 45, 1, 4),
(106, 11, 10, 45, 2, 9),
(107, 750, 35, 45, 1, 9),
(108, 500, 4, 45, 1, 6),
(109, 10, 28, 45, 2, 5),
(110, 300, 25, 45, 1, 6),
(111, 200, 31, 48, 1, 4),
(112, 5, 20, 48, 2, 8),
(113, 300, 4, 48, 1, -1),
(114, 200, 4, 49, 1, -1),
(115, 5, 10, 49, 2, -1),
(116, 30, 36, 55, 2, -1),
(117, 20, 17, 55, 6, -1),
(118, 1, 10, 55, 4, -1),
(119, 0, 14, 55, 2, -1),
(120, 200, 4, 55, 1, -1),
(121, 0.5, 14, 50, 2, -1),
(122, 1, 10, 50, 4, -1),
(123, 100, 4, 50, 1, -1),
(124, 5, 20, 50, 2, -1),
(125, 20, 36, 50, 3, -1),
(126, 100, 17, 50, 1, -1),
(127, 1, 10, 57, 4, -1),
(128, 5, 36, 57, 2, -1),
(129, 500, 4, 57, 1, -1),
(130, 400, 30, 57, 1, -1),
(131, 500, 31, 57, 1, -1),
(132, 25, 17, 57, 6, -1),
(133, 100, 21, 57, 1, -1);

--
-- Dumping data for table `presupuestoingresos`
--

INSERT INTO `presupuestoingresos` (`idPresupuestoIngresos`, `Descuento`, `Alumnos`, `idVersion`) VALUES
(1, 0, 0, 1),
(2, 0.05, 0, 1),
(3, 0.1, 0, 1),
(4, 0.15, 0, 1),
(5, 0.2, 20, 1),
(6, 0.25, 0, 1),
(7, 0.3, 0, 1),
(8, 0.35, 0, 1),
(9, 0.4, 0, 1),
(10, 0.45, 0, 1),
(11, 0.5, 0, 1),
(12, 0.55, 0, 1),
(13, 0.6, 0, 1),
(14, 0.65, 0, 1),
(15, 0.7, 0, 1),
(16, 0.75, 0, 1),
(17, 0.8, 0, 1),
(18, 0.85, 0, 1),
(19, 0.9, 0, 1),
(20, 0.95, 0, 1),
(21, 1, 0, 1),
(22, 0, 25, 2),
(23, 0.05, 0, 2),
(24, 0.1, 0, 2),
(25, 0.15, 0, 2),
(26, 0.2, 0, 2),
(27, 0.25, 0, 2),
(28, 0.3, 0, 2),
(29, 0.35, 0, 2),
(30, 0.4, 0, 2),
(31, 0.45, 0, 2),
(32, 0.5, 0, 2),
(33, 0.55, 0, 2),
(34, 0.6, 0, 2),
(35, 0.65, 0, 2),
(36, 0.7, 0, 2),
(37, 0.75, 0, 2),
(38, 0.8, 0, 2),
(39, 0.85, 0, 2),
(40, 0.9, 0, 2),
(41, 0.95, 0, 2),
(42, 1, 0, 2),
(64, 0, 20, 4),
(65, 0.05, 0, 4),
(66, 0.1, 0, 4),
(67, 0.15, 0, 4),
(68, 0.2, 0, 4),
(69, 0.25, 0, 4),
(70, 0.3, 0, 4),
(71, 0.35, 0, 4),
(72, 0.4, 0, 4),
(73, 0.45, 0, 4),
(74, 0.5, 0, 4),
(75, 0.55, 0, 4),
(76, 0.6, 0, 4),
(77, 0.65, 0, 4),
(78, 0.7, 0, 4),
(79, 0.75, 0, 4),
(80, 0.8, 0, 4),
(81, 0.85, 0, 4),
(82, 0.9, 0, 4),
(83, 0.95, 0, 4),
(84, 1, 0, 4),
(85, 0, 25, 5),
(86, 0.05, 0, 5),
(87, 0.1, 0, 5),
(88, 0.15, 0, 5),
(89, 0.2, 0, 5),
(90, 0.25, 0, 5),
(91, 0.3, 0, 5),
(92, 0.35, 0, 5),
(93, 0.4, 0, 5),
(94, 0.45, 0, 5),
(95, 0.5, 0, 5),
(96, 0.55, 0, 5),
(97, 0.6, 0, 5),
(98, 0.65, 0, 5),
(99, 0.7, 0, 5),
(100, 0.75, 0, 5),
(101, 0.8, 0, 5),
(102, 0.85, 0, 5),
(103, 0.9, 0, 5),
(104, 0.95, 0, 5),
(105, 1, 0, 5),
(106, 0, 0, 6),
(107, 0.05, 0, 6),
(108, 0.1, 0, 6),
(109, 0.15, 0, 6),
(110, 0.2, 0, 6),
(111, 0.25, 0, 6),
(112, 0.3, 0, 6),
(113, 0.35, 0, 6),
(114, 0.4, 0, 6),
(115, 0.45, 0, 6),
(116, 0.5, 0, 6),
(117, 0.55, 0, 6),
(118, 0.6, 0, 6),
(119, 0.65, 0, 6),
(120, 0.7, 0, 6),
(121, 0.75, 0, 6),
(122, 0.8, 0, 6),
(123, 0.85, 0, 6),
(124, 0.9, 0, 6),
(125, 0.95, 0, 6),
(126, 1, 0, 6),
(127, 0, 20, 7),
(128, 0.05, 0, 7),
(129, 0.1, 0, 7),
(130, 0.15, 0, 7),
(131, 0.2, 0, 7),
(132, 0.25, 0, 7),
(133, 0.3, 0, 7),
(134, 0.35, 0, 7),
(135, 0.4, 0, 7),
(136, 0.45, 0, 7),
(137, 0.5, 0, 7),
(138, 0.55, 0, 7),
(139, 0.6, 0, 7),
(140, 0.65, 0, 7),
(141, 0.7, 0, 7),
(142, 0.75, 0, 7),
(143, 0.8, 0, 7),
(144, 0.85, 0, 7),
(145, 0.9, 0, 7),
(146, 0.95, 0, 7),
(147, 1, 3, 7),
(148, 0, 0, 8),
(149, 0.05, 0, 8),
(150, 0.1, 0, 8),
(151, 0.15, 0, 8),
(152, 0.2, 0, 8),
(153, 0.25, 0, 8),
(154, 0.3, 0, 8),
(155, 0.35, 0, 8),
(156, 0.4, 0, 8),
(157, 0.45, 0, 8),
(158, 0.5, 0, 8),
(159, 0.55, 0, 8),
(160, 0.6, 0, 8),
(161, 0.65, 0, 8),
(162, 0.7, 0, 8),
(163, 0.75, 0, 8),
(164, 0.8, 0, 8),
(165, 0.85, 0, 8),
(166, 0.9, 0, 8),
(167, 0.95, 0, 8),
(168, 1, 0, 8),
(169, 0, 15, 9),
(170, 0.05, 0, 9),
(171, 0.1, 10, 9),
(172, 0.15, 0, 9),
(173, 0.2, 0, 9),
(174, 0.25, 0, 9),
(175, 0.3, 0, 9),
(176, 0.35, 0, 9),
(177, 0.4, 0, 9),
(178, 0.45, 0, 9),
(179, 0.5, 0, 9),
(180, 0.55, 0, 9),
(181, 0.6, 0, 9),
(182, 0.65, 0, 9),
(183, 0.7, 0, 9),
(184, 0.75, 0, 9),
(185, 0.8, 0, 9),
(186, 0.85, 0, 9),
(187, 0.9, 0, 9),
(188, 0.95, 0, 9),
(189, 1, 0, 9),
(190, 0, 0, 10),
(191, 0.05, 0, 10),
(192, 0.1, 0, 10),
(193, 0.15, 0, 10),
(194, 0.2, 0, 10),
(195, 0.25, 0, 10),
(196, 0.3, 0, 10),
(197, 0.35, 0, 10),
(198, 0.4, 0, 10),
(199, 0.45, 0, 10),
(200, 0.5, 0, 10),
(201, 0.55, 0, 10),
(202, 0.6, 0, 10),
(203, 0.65, 0, 10),
(204, 0.7, 0, 10),
(205, 0.75, 0, 10),
(206, 0.8, 0, 10),
(207, 0.85, 0, 10),
(208, 0.9, 0, 10),
(209, 0.95, 0, 10),
(210, 1, 0, 10),
(232, 0, 0, 12),
(233, 0.05, 0, 12),
(234, 0.1, 0, 12),
(235, 0.15, 0, 12),
(236, 0.2, 0, 12),
(237, 0.25, 0, 12),
(238, 0.3, 0, 12),
(239, 0.35, 0, 12),
(240, 0.4, 0, 12),
(241, 0.45, 0, 12),
(242, 0.5, 0, 12),
(243, 0.55, 0, 12),
(244, 0.6, 0, 12),
(245, 0.65, 0, 12),
(246, 0.7, 0, 12),
(247, 0.75, 0, 12),
(248, 0.8, 0, 12),
(249, 0.85, 0, 12),
(250, 0.9, 0, 12),
(251, 0.95, 0, 12),
(252, 1, 0, 12),
(253, 0, 0, 13),
(254, 0.05, 0, 13),
(255, 0.1, 0, 13),
(256, 0.15, 0, 13),
(257, 0.2, 0, 13),
(258, 0.25, 0, 13),
(259, 0.3, 0, 13),
(260, 0.35, 0, 13),
(261, 0.4, 0, 13),
(262, 0.45, 0, 13),
(263, 0.5, 0, 13),
(264, 0.55, 0, 13),
(265, 0.6, 0, 13),
(266, 0.65, 0, 13),
(267, 0.7, 0, 13),
(268, 0.75, 0, 13),
(269, 0.8, 0, 13),
(270, 0.85, 0, 13),
(271, 0.9, 0, 13),
(272, 0.95, 0, 13),
(273, 1, 0, 13),
(274, 0, 0, 14),
(275, 0.05, 0, 14),
(276, 0.1, 0, 14),
(277, 0.15, 0, 14),
(278, 0.2, 0, 14),
(279, 0.25, 0, 14),
(280, 0.3, 0, 14),
(281, 0.35, 0, 14),
(282, 0.4, 0, 14),
(283, 0.45, 0, 14),
(284, 0.5, 0, 14),
(285, 0.55, 0, 14),
(286, 0.6, 0, 14),
(287, 0.65, 0, 14),
(288, 0.7, 0, 14),
(289, 0.75, 0, 14),
(290, 0.8, 0, 14),
(291, 0.85, 0, 14),
(292, 0.9, 0, 14),
(293, 0.95, 0, 14),
(294, 1, 0, 14),
(295, 0, 0, 15),
(296, 0.05, 0, 15),
(297, 0.1, 0, 15),
(298, 0.15, 0, 15),
(299, 0.2, 0, 15),
(300, 0.25, 0, 15),
(301, 0.3, 0, 15),
(302, 0.35, 0, 15),
(303, 0.4, 0, 15),
(304, 0.45, 0, 15),
(305, 0.5, 0, 15),
(306, 0.55, 0, 15),
(307, 0.6, 0, 15),
(308, 0.65, 0, 15),
(309, 0.7, 0, 15),
(310, 0.75, 0, 15),
(311, 0.8, 0, 15),
(312, 0.85, 0, 15),
(313, 0.9, 0, 15),
(314, 0.95, 0, 15),
(315, 1, 0, 15),
(316, 0, 0, 16),
(317, 0.05, 0, 16),
(318, 0.1, 0, 16),
(319, 0.15, 0, 16),
(320, 0.2, 0, 16),
(321, 0.25, 0, 16),
(322, 0.3, 0, 16),
(323, 0.35, 0, 16),
(324, 0.4, 0, 16),
(325, 0.45, 0, 16),
(326, 0.5, 0, 16),
(327, 0.55, 0, 16),
(328, 0.6, 0, 16),
(329, 0.65, 0, 16),
(330, 0.7, 0, 16),
(331, 0.75, 0, 16),
(332, 0.8, 0, 16),
(333, 0.85, 0, 16),
(334, 0.9, 0, 16),
(335, 0.95, 0, 16),
(336, 1, 0, 16),
(337, 0, 0, 17),
(338, 0.05, 0, 17),
(339, 0.1, 0, 17),
(340, 0.15, 0, 17),
(341, 0.2, 0, 17),
(342, 0.25, 0, 17),
(343, 0.3, 0, 17),
(344, 0.35, 0, 17),
(345, 0.4, 0, 17),
(346, 0.45, 0, 17),
(347, 0.5, 0, 17),
(348, 0.55, 0, 17),
(349, 0.6, 0, 17),
(350, 0.65, 0, 17),
(351, 0.7, 0, 17),
(352, 0.75, 0, 17),
(353, 0.8, 0, 17),
(354, 0.85, 0, 17),
(355, 0.9, 0, 17),
(356, 0.95, 0, 17),
(357, 1, 0, 17),
(358, 0, 0, 18),
(359, 0.05, 0, 18),
(360, 0.1, 0, 18),
(361, 0.15, 0, 18),
(362, 0.2, 0, 18),
(363, 0.25, 0, 18),
(364, 0.3, 0, 18),
(365, 0.35, 0, 18),
(366, 0.4, 0, 18),
(367, 0.45, 0, 18),
(368, 0.5, 0, 18),
(369, 0.55, 0, 18),
(370, 0.6, 0, 18),
(371, 0.65, 0, 18),
(372, 0.7, 0, 18),
(373, 0.75, 0, 18),
(374, 0.8, 0, 18),
(375, 0.85, 0, 18),
(376, 0.9, 0, 18),
(377, 0.95, 0, 18),
(378, 1, 0, 18),
(379, 0, 23, 19),
(380, 0.05, 0, 19),
(381, 0.1, 0, 19),
(382, 0.15, 0, 19),
(383, 0.2, 0, 19),
(384, 0.25, 0, 19),
(385, 0.3, 0, 19),
(386, 0.35, 0, 19),
(387, 0.4, 0, 19),
(388, 0.45, 0, 19),
(389, 0.5, 0, 19),
(390, 0.55, 0, 19),
(391, 0.6, 0, 19),
(392, 0.65, 0, 19),
(393, 0.7, 0, 19),
(394, 0.75, 0, 19),
(395, 0.8, 0, 19),
(396, 0.85, 0, 19),
(397, 0.9, 0, 19),
(398, 0.95, 0, 19),
(399, 1, 0, 19),
(400, 0, 23, 20),
(401, 0.05, 0, 20),
(402, 0.1, 0, 20),
(403, 0.15, 0, 20),
(404, 0.2, 0, 20),
(405, 0.25, 0, 20),
(406, 0.3, 0, 20),
(407, 0.35, 0, 20),
(408, 0.4, 0, 20),
(409, 0.45, 0, 20),
(410, 0.5, 0, 20),
(411, 0.55, 0, 20),
(412, 0.6, 0, 20),
(413, 0.65, 0, 20),
(414, 0.7, 0, 20),
(415, 0.75, 0, 20),
(416, 0.8, 0, 20),
(417, 0.85, 0, 20),
(418, 0.9, 0, 20),
(419, 0.95, 0, 20),
(420, 1, 0, 20),
(421, 0, 0, 21),
(422, 0.05, 0, 21),
(423, 0.1, 0, 21),
(424, 0.15, 0, 21),
(425, 0.2, 0, 21),
(426, 0.25, 0, 21),
(427, 0.3, 0, 21),
(428, 0.35, 0, 21),
(429, 0.4, 0, 21),
(430, 0.45, 0, 21),
(431, 0.5, 0, 21),
(432, 0.55, 0, 21),
(433, 0.6, 0, 21),
(434, 0.65, 0, 21),
(435, 0.7, 0, 21),
(436, 0.75, 0, 21),
(437, 0.8, 0, 21),
(438, 0.85, 0, 21),
(439, 0.9, 0, 21),
(440, 0.95, 0, 21),
(441, 1, 0, 21),
(442, 0, 0, 22),
(443, 0.05, 0, 22),
(444, 0.1, 0, 22),
(445, 0.15, 0, 22),
(446, 0.2, 0, 22),
(447, 0.25, 0, 22),
(448, 0.3, 0, 22),
(449, 0.35, 0, 22),
(450, 0.4, 0, 22),
(451, 0.45, 0, 22),
(452, 0.5, 0, 22),
(453, 0.55, 0, 22),
(454, 0.6, 0, 22),
(455, 0.65, 0, 22),
(456, 0.7, 0, 22),
(457, 0.75, 0, 22),
(458, 0.8, 0, 22),
(459, 0.85, 0, 22),
(460, 0.9, 0, 22),
(461, 0.95, 0, 22),
(462, 1, 0, 22),
(463, 0, 0, 23),
(464, 0.05, 0, 23),
(465, 0.1, 0, 23),
(466, 0.15, 0, 23),
(467, 0.2, 0, 23),
(468, 0.25, 0, 23),
(469, 0.3, 0, 23),
(470, 0.35, 0, 23),
(471, 0.4, 0, 23),
(472, 0.45, 0, 23),
(473, 0.5, 0, 23),
(474, 0.55, 0, 23),
(475, 0.6, 0, 23),
(476, 0.65, 0, 23),
(477, 0.7, 0, 23),
(478, 0.75, 0, 23),
(479, 0.8, 0, 23),
(480, 0.85, 0, 23),
(481, 0.9, 0, 23),
(482, 0.95, 0, 23),
(483, 1, 0, 23),
(484, 0, 0, 24),
(485, 0.05, 0, 24),
(486, 0.1, 0, 24),
(487, 0.15, 0, 24),
(488, 0.2, 0, 24),
(489, 0.25, 0, 24),
(490, 0.3, 0, 24),
(491, 0.35, 0, 24),
(492, 0.4, 0, 24),
(493, 0.45, 0, 24),
(494, 0.5, 0, 24),
(495, 0.55, 0, 24),
(496, 0.6, 0, 24),
(497, 0.65, 0, 24),
(498, 0.7, 0, 24),
(499, 0.75, 0, 24),
(500, 0.8, 0, 24),
(501, 0.85, 0, 24),
(502, 0.9, 0, 24),
(503, 0.95, 0, 24),
(504, 1, 0, 24),
(505, 0, 0, 25),
(506, 0.05, 0, 25),
(507, 0.1, 0, 25),
(508, 0.15, 0, 25),
(509, 0.2, 0, 25),
(510, 0.25, 0, 25),
(511, 0.3, 0, 25),
(512, 0.35, 0, 25),
(513, 0.4, 0, 25),
(514, 0.45, 0, 25),
(515, 0.5, 0, 25),
(516, 0.55, 0, 25),
(517, 0.6, 0, 25),
(518, 0.65, 0, 25),
(519, 0.7, 0, 25),
(520, 0.75, 0, 25),
(521, 0.8, 0, 25),
(522, 0.85, 0, 25),
(523, 0.9, 0, 25),
(524, 0.95, 0, 25),
(525, 1, 0, 25),
(526, 0, 0, 26),
(527, 0.05, 0, 26),
(528, 0.1, 0, 26),
(529, 0.15, 0, 26),
(530, 0.2, 0, 26),
(531, 0.25, 0, 26),
(532, 0.3, 0, 26),
(533, 0.35, 0, 26),
(534, 0.4, 0, 26),
(535, 0.45, 0, 26),
(536, 0.5, 0, 26),
(537, 0.55, 0, 26),
(538, 0.6, 0, 26),
(539, 0.65, 0, 26),
(540, 0.7, 0, 26),
(541, 0.75, 0, 26),
(542, 0.8, 0, 26),
(543, 0.85, 0, 26),
(544, 0.9, 0, 26),
(545, 0.95, 0, 26),
(546, 1, 0, 26),
(547, 0, 0, 27),
(548, 0.05, 0, 27),
(549, 0.1, 0, 27),
(550, 0.15, 0, 27),
(551, 0.2, 0, 27),
(552, 0.25, 0, 27),
(553, 0.3, 0, 27),
(554, 0.35, 0, 27),
(555, 0.4, 0, 27),
(556, 0.45, 0, 27),
(557, 0.5, 0, 27),
(558, 0.55, 0, 27),
(559, 0.6, 0, 27),
(560, 0.65, 0, 27),
(561, 0.7, 0, 27),
(562, 0.75, 0, 27),
(563, 0.8, 0, 27),
(564, 0.85, 0, 27),
(565, 0.9, 0, 27),
(566, 0.95, 0, 27),
(567, 1, 0, 27),
(568, 0, 0, 28),
(569, 0.05, 0, 28),
(570, 0.1, 0, 28),
(571, 0.15, 0, 28),
(572, 0.2, 0, 28),
(573, 0.25, 0, 28),
(574, 0.3, 0, 28),
(575, 0.35, 0, 28),
(576, 0.4, 0, 28),
(577, 0.45, 0, 28),
(578, 0.5, 0, 28),
(579, 0.55, 0, 28),
(580, 0.6, 0, 28),
(581, 0.65, 0, 28),
(582, 0.7, 0, 28),
(583, 0.75, 0, 28),
(584, 0.8, 0, 28),
(585, 0.85, 0, 28),
(586, 0.9, 0, 28),
(587, 0.95, 0, 28),
(588, 1, 0, 28),
(589, 0, 0, 29),
(590, 0.05, 0, 29),
(591, 0.1, 0, 29),
(592, 0.15, 0, 29),
(593, 0.2, 0, 29),
(594, 0.25, 0, 29),
(595, 0.3, 0, 29),
(596, 0.35, 0, 29),
(597, 0.4, 0, 29),
(598, 0.45, 0, 29),
(599, 0.5, 0, 29),
(600, 0.55, 0, 29),
(601, 0.6, 0, 29),
(602, 0.65, 0, 29),
(603, 0.7, 0, 29),
(604, 0.75, 0, 29),
(605, 0.8, 0, 29),
(606, 0.85, 0, 29),
(607, 0.9, 0, 29),
(608, 0.95, 0, 29),
(609, 1, 0, 29),
(610, 0, 0, 30),
(611, 0.05, 0, 30),
(612, 0.1, 0, 30),
(613, 0.15, 0, 30),
(614, 0.2, 0, 30),
(615, 0.25, 0, 30),
(616, 0.3, 0, 30),
(617, 0.35, 0, 30),
(618, 0.4, 0, 30),
(619, 0.45, 0, 30),
(620, 0.5, 0, 30),
(621, 0.55, 0, 30),
(622, 0.6, 0, 30),
(623, 0.65, 0, 30),
(624, 0.7, 0, 30),
(625, 0.75, 0, 30),
(626, 0.8, 0, 30),
(627, 0.85, 0, 30),
(628, 0.9, 0, 30),
(629, 0.95, 0, 30),
(630, 1, 0, 30),
(631, 0, 23, 31),
(632, 0.05, 0, 31),
(633, 0.1, 0, 31),
(634, 0.15, 0, 31),
(635, 0.2, 0, 31),
(636, 0.25, 0, 31),
(637, 0.3, 0, 31),
(638, 0.35, 0, 31),
(639, 0.4, 0, 31),
(640, 0.45, 0, 31),
(641, 0.5, 0, 31),
(642, 0.55, 0, 31),
(643, 0.6, 0, 31),
(644, 0.65, 0, 31),
(645, 0.7, 0, 31),
(646, 0.75, 0, 31),
(647, 0.8, 0, 31),
(648, 0.85, 0, 31),
(649, 0.9, 0, 31),
(650, 0.95, 0, 31),
(651, 1, 0, 31),
(652, 0, 23, 32),
(653, 0.05, 0, 32),
(654, 0.1, 0, 32),
(655, 0.15, 0, 32),
(656, 0.2, 0, 32),
(657, 0.25, 0, 32),
(658, 0.3, 0, 32),
(659, 0.35, 0, 32),
(660, 0.4, 0, 32),
(661, 0.45, 0, 32),
(662, 0.5, 0, 32),
(663, 0.55, 0, 32),
(664, 0.6, 0, 32),
(665, 0.65, 0, 32),
(666, 0.7, 0, 32),
(667, 0.75, 0, 32),
(668, 0.8, 0, 32),
(669, 0.85, 0, 32),
(670, 0.9, 0, 32),
(671, 0.95, 0, 32),
(672, 1, 0, 32),
(673, 0, 23, 33),
(674, 0.05, 0, 33),
(675, 0.1, 0, 33),
(676, 0.15, 0, 33),
(677, 0.2, 0, 33),
(678, 0.25, 0, 33),
(679, 0.3, 0, 33),
(680, 0.35, 0, 33),
(681, 0.4, 0, 33),
(682, 0.45, 0, 33),
(683, 0.5, 0, 33),
(684, 0.55, 0, 33),
(685, 0.6, 0, 33),
(686, 0.65, 0, 33),
(687, 0.7, 0, 33),
(688, 0.75, 0, 33),
(689, 0.8, 0, 33),
(690, 0.85, 0, 33),
(691, 0.9, 0, 33),
(692, 0.95, 0, 33),
(693, 1, 0, 33),
(694, 0, 0, 34),
(695, 0.05, 0, 34),
(696, 0.1, 0, 34),
(697, 0.15, 0, 34),
(698, 0.2, 0, 34),
(699, 0.25, 0, 34),
(700, 0.3, 0, 34),
(701, 0.35, 0, 34),
(702, 0.4, 0, 34),
(703, 0.45, 0, 34),
(704, 0.5, 0, 34),
(705, 0.55, 0, 34),
(706, 0.6, 0, 34),
(707, 0.65, 0, 34),
(708, 0.7, 0, 34),
(709, 0.75, 0, 34),
(710, 0.8, 0, 34),
(711, 0.85, 0, 34),
(712, 0.9, 0, 34),
(713, 0.95, 0, 34),
(714, 1, 0, 34),
(715, 0, 0, 35),
(716, 0.05, 0, 35),
(717, 0.1, 0, 35),
(718, 0.15, 0, 35),
(719, 0.2, 0, 35),
(720, 0.25, 0, 35),
(721, 0.3, 0, 35),
(722, 0.35, 0, 35),
(723, 0.4, 0, 35),
(724, 0.45, 0, 35),
(725, 0.5, 0, 35),
(726, 0.55, 0, 35),
(727, 0.6, 0, 35),
(728, 0.65, 0, 35),
(729, 0.7, 0, 35),
(730, 0.75, 0, 35),
(731, 0.8, 0, 35),
(732, 0.85, 0, 35),
(733, 0.9, 0, 35),
(734, 0.95, 0, 35),
(735, 1, 0, 35),
(736, 0, 23, 36),
(737, 0.05, 0, 36),
(738, 0.1, 0, 36),
(739, 0.15, 0, 36),
(740, 0.2, 0, 36),
(741, 0.25, 0, 36),
(742, 0.3, 0, 36),
(743, 0.35, 0, 36),
(744, 0.4, 0, 36),
(745, 0.45, 0, 36),
(746, 0.5, 0, 36),
(747, 0.55, 0, 36),
(748, 0.6, 0, 36),
(749, 0.65, 0, 36),
(750, 0.7, 0, 36),
(751, 0.75, 0, 36),
(752, 0.8, 0, 36),
(753, 0.85, 0, 36),
(754, 0.9, 0, 36),
(755, 0.95, 0, 36),
(756, 1, 0, 36),
(757, 0, 0, 37),
(758, 0.05, 0, 37),
(759, 0.1, 0, 37),
(760, 0.15, 0, 37),
(761, 0.2, 0, 37),
(762, 0.25, 0, 37),
(763, 0.3, 0, 37),
(764, 0.35, 0, 37),
(765, 0.4, 0, 37),
(766, 0.45, 0, 37),
(767, 0.5, 0, 37),
(768, 0.55, 0, 37),
(769, 0.6, 0, 37),
(770, 0.65, 0, 37),
(771, 0.7, 0, 37),
(772, 0.75, 0, 37),
(773, 0.8, 0, 37),
(774, 0.85, 0, 37),
(775, 0.9, 0, 37),
(776, 0.95, 0, 37),
(777, 1, 0, 37),
(778, 0, 0, 38),
(779, 0.05, 0, 38),
(780, 0.1, 0, 38),
(781, 0.15, 0, 38),
(782, 0.2, 0, 38),
(783, 0.25, 0, 38),
(784, 0.3, 0, 38),
(785, 0.35, 0, 38),
(786, 0.4, 0, 38),
(787, 0.45, 0, 38),
(788, 0.5, 0, 38),
(789, 0.55, 0, 38),
(790, 0.6, 0, 38),
(791, 0.65, 0, 38),
(792, 0.7, 0, 38),
(793, 0.75, 0, 38),
(794, 0.8, 0, 38),
(795, 0.85, 0, 38),
(796, 0.9, 0, 38),
(797, 0.95, 0, 38),
(798, 1, 0, 38),
(799, 0, 0, 39),
(800, 0.05, 0, 39),
(801, 0.1, 0, 39),
(802, 0.15, 0, 39),
(803, 0.2, 0, 39),
(804, 0.25, 0, 39),
(805, 0.3, 0, 39),
(806, 0.35, 0, 39),
(807, 0.4, 0, 39),
(808, 0.45, 0, 39),
(809, 0.5, 0, 39),
(810, 0.55, 0, 39),
(811, 0.6, 0, 39),
(812, 0.65, 0, 39),
(813, 0.7, 0, 39),
(814, 0.75, 0, 39),
(815, 0.8, 0, 39),
(816, 0.85, 0, 39),
(817, 0.9, 0, 39),
(818, 0.95, 0, 39),
(819, 1, 0, 39),
(820, 0, 0, 40),
(821, 0.05, 0, 40),
(822, 0.1, 0, 40),
(823, 0.15, 0, 40),
(824, 0.2, 0, 40),
(825, 0.25, 0, 40),
(826, 0.3, 0, 40),
(827, 0.35, 0, 40),
(828, 0.4, 0, 40),
(829, 0.45, 0, 40),
(830, 0.5, 0, 40),
(831, 0.55, 0, 40),
(832, 0.6, 0, 40),
(833, 0.65, 0, 40),
(834, 0.7, 0, 40),
(835, 0.75, 0, 40),
(836, 0.8, 0, 40),
(837, 0.85, 0, 40),
(838, 0.9, 0, 40),
(839, 0.95, 0, 40),
(840, 1, 0, 40),
(841, 0, 0, 41),
(842, 0.05, 0, 41),
(843, 0.1, 0, 41),
(844, 0.15, 0, 41),
(845, 0.2, 0, 41),
(846, 0.25, 0, 41),
(847, 0.3, 0, 41),
(848, 0.35, 0, 41),
(849, 0.4, 0, 41),
(850, 0.45, 0, 41),
(851, 0.5, 0, 41),
(852, 0.55, 0, 41),
(853, 0.6, 0, 41),
(854, 0.65, 0, 41),
(855, 0.7, 0, 41),
(856, 0.75, 0, 41),
(857, 0.8, 0, 41),
(858, 0.85, 0, 41),
(859, 0.9, 0, 41),
(860, 0.95, 0, 41),
(861, 1, 0, 41),
(862, 0, 0, 42),
(863, 0.05, 0, 42),
(864, 0.1, 0, 42),
(865, 0.15, 0, 42),
(866, 0.2, 0, 42),
(867, 0.25, 0, 42),
(868, 0.3, 0, 42),
(869, 0.35, 0, 42),
(870, 0.4, 0, 42),
(871, 0.45, 0, 42),
(872, 0.5, 0, 42),
(873, 0.55, 0, 42),
(874, 0.6, 0, 42),
(875, 0.65, 0, 42),
(876, 0.7, 0, 42),
(877, 0.75, 0, 42),
(878, 0.8, 0, 42),
(879, 0.85, 0, 42),
(880, 0.9, 0, 42),
(881, 0.95, 0, 42),
(882, 1, 0, 42),
(883, 0, 0, 43),
(884, 0.05, 0, 43),
(885, 0.1, 0, 43),
(886, 0.15, 0, 43),
(887, 0.2, 0, 43),
(888, 0.25, 0, 43),
(889, 0.3, 0, 43),
(890, 0.35, 0, 43),
(891, 0.4, 0, 43),
(892, 0.45, 0, 43),
(893, 0.5, 0, 43),
(894, 0.55, 0, 43),
(895, 0.6, 0, 43),
(896, 0.65, 0, 43),
(897, 0.7, 0, 43),
(898, 0.75, 0, 43),
(899, 0.8, 0, 43),
(900, 0.85, 0, 43),
(901, 0.9, 0, 43),
(902, 0.95, 0, 43),
(903, 1, 0, 43),
(904, 0, 23, 44),
(905, 0.05, 0, 44),
(906, 0.1, 0, 44),
(907, 0.15, 0, 44),
(908, 0.2, 0, 44),
(909, 0.25, 0, 44),
(910, 0.3, 0, 44),
(911, 0.35, 0, 44),
(912, 0.4, 0, 44),
(913, 0.45, 0, 44),
(914, 0.5, 0, 44),
(915, 0.55, 0, 44),
(916, 0.6, 0, 44),
(917, 0.65, 0, 44),
(918, 0.7, 0, 44),
(919, 0.75, 0, 44),
(920, 0.8, 0, 44),
(921, 0.85, 0, 44),
(922, 0.9, 0, 44),
(923, 0.95, 0, 44),
(924, 1, 0, 44),
(925, 0, 100, 45),
(926, 0.05, 0, 45),
(927, 0.1, 0, 45),
(928, 0.15, 0, 45),
(929, 0.2, 0, 45),
(930, 0.25, 0, 45),
(931, 0.3, 0, 45),
(932, 0.35, 0, 45),
(933, 0.4, 0, 45),
(934, 0.45, 0, 45),
(935, 0.5, 0, 45),
(936, 0.55, 0, 45),
(937, 0.6, 0, 45),
(938, 0.65, 0, 45),
(939, 0.7, 0, 45),
(940, 0.75, 0, 45),
(941, 0.8, 0, 45),
(942, 0.85, 0, 45),
(943, 0.9, 0, 45),
(944, 0.95, 0, 45),
(945, 1, 0, 45),
(946, 0, 0, 46),
(947, 0.05, 0, 46),
(948, 0.1, 0, 46),
(949, 0.15, 0, 46),
(950, 0.2, 0, 46),
(951, 0.25, 0, 46),
(952, 0.3, 0, 46),
(953, 0.35, 0, 46),
(954, 0.4, 0, 46),
(955, 0.45, 0, 46),
(956, 0.5, 0, 46),
(957, 0.55, 0, 46),
(958, 0.6, 0, 46),
(959, 0.65, 0, 46),
(960, 0.7, 0, 46),
(961, 0.75, 0, 46),
(962, 0.8, 0, 46),
(963, 0.85, 0, 46),
(964, 0.9, 0, 46),
(965, 0.95, 0, 46),
(966, 1, 0, 46),
(967, 0, 0, 47),
(968, 0.05, 0, 47),
(969, 0.1, 0, 47),
(970, 0.15, 0, 47),
(971, 0.2, 0, 47),
(972, 0.25, 0, 47),
(973, 0.3, 0, 47),
(974, 0.35, 0, 47),
(975, 0.4, 0, 47),
(976, 0.45, 0, 47),
(977, 0.5, 0, 47),
(978, 0.55, 0, 47),
(979, 0.6, 0, 47),
(980, 0.65, 0, 47),
(981, 0.7, 0, 47),
(982, 0.75, 0, 47),
(983, 0.8, 0, 47),
(984, 0.85, 0, 47),
(985, 0.9, 0, 47),
(986, 0.95, 0, 47),
(987, 1, 0, 47),
(988, 0, 15, 48),
(989, 0.05, 0, 48),
(990, 0.1, 5, 48),
(991, 0.15, 0, 48),
(992, 0.2, 0, 48),
(993, 0.25, 0, 48),
(994, 0.3, 0, 48),
(995, 0.35, 0, 48),
(996, 0.4, 0, 48),
(997, 0.45, 0, 48),
(998, 0.5, 0, 48),
(999, 0.55, 0, 48),
(1000, 0.6, 0, 48),
(1001, 0.65, 0, 48),
(1002, 0.7, 0, 48),
(1003, 0.75, 0, 48),
(1004, 0.8, 0, 48),
(1005, 0.85, 0, 48),
(1006, 0.9, 0, 48),
(1007, 0.95, 0, 48),
(1008, 1, 0, 48),
(1009, 0, 20, 49),
(1010, 0.05, 0, 49),
(1011, 0.1, 0, 49),
(1012, 0.15, 0, 49),
(1013, 0.2, 0, 49),
(1014, 0.25, 0, 49),
(1015, 0.3, 0, 49),
(1016, 0.35, 0, 49),
(1017, 0.4, 0, 49),
(1018, 0.45, 0, 49),
(1019, 0.5, 0, 49),
(1020, 0.55, 0, 49),
(1021, 0.6, 0, 49),
(1022, 0.65, 0, 49),
(1023, 0.7, 0, 49),
(1024, 0.75, 0, 49),
(1025, 0.8, 0, 49),
(1026, 0.85, 0, 49),
(1027, 0.9, 0, 49),
(1028, 0.95, 0, 49),
(1029, 1, 0, 49),
(1030, 0, 40, 50),
(1031, 0.05, 0, 50),
(1032, 0.1, 0, 50),
(1033, 0.15, 0, 50),
(1034, 0.2, 0, 50),
(1035, 0.25, 0, 50),
(1036, 0.3, 0, 50),
(1037, 0.35, 0, 50),
(1038, 0.4, 0, 50),
(1039, 0.45, 0, 50),
(1040, 0.5, 0, 50),
(1041, 0.55, 0, 50),
(1042, 0.6, 0, 50),
(1043, 0.65, 0, 50),
(1044, 0.7, 0, 50),
(1045, 0.75, 0, 50),
(1046, 0.8, 0, 50),
(1047, 0.85, 0, 50),
(1048, 0.9, 0, 50),
(1049, 0.95, 0, 50),
(1050, 1, 0, 50),
(1051, 0, 0, 51),
(1052, 0.05, 0, 51),
(1053, 0.1, 0, 51),
(1054, 0.15, 0, 51),
(1055, 0.2, 0, 51),
(1056, 0.25, 0, 51),
(1057, 0.3, 0, 51),
(1058, 0.35, 0, 51),
(1059, 0.4, 0, 51),
(1060, 0.45, 0, 51),
(1061, 0.5, 0, 51),
(1062, 0.55, 0, 51),
(1063, 0.6, 0, 51),
(1064, 0.65, 0, 51),
(1065, 0.7, 0, 51),
(1066, 0.75, 0, 51),
(1067, 0.8, 0, 51),
(1068, 0.85, 0, 51),
(1069, 0.9, 0, 51),
(1070, 0.95, 0, 51),
(1071, 1, 0, 51),
(1072, 0, 0, 52),
(1073, 0.05, 0, 52),
(1074, 0.1, 0, 52),
(1075, 0.15, 0, 52),
(1076, 0.2, 0, 52),
(1077, 0.25, 0, 52),
(1078, 0.3, 0, 52),
(1079, 0.35, 0, 52),
(1080, 0.4, 0, 52),
(1081, 0.45, 0, 52),
(1082, 0.5, 0, 52),
(1083, 0.55, 0, 52),
(1084, 0.6, 0, 52),
(1085, 0.65, 0, 52),
(1086, 0.7, 0, 52),
(1087, 0.75, 0, 52),
(1088, 0.8, 0, 52),
(1089, 0.85, 0, 52),
(1090, 0.9, 0, 52),
(1091, 0.95, 0, 52),
(1092, 1, 0, 52),
(1093, 0, 0, 53),
(1094, 0.05, 0, 53),
(1095, 0.1, 0, 53),
(1096, 0.15, 0, 53),
(1097, 0.2, 0, 53),
(1098, 0.25, 0, 53),
(1099, 0.3, 0, 53),
(1100, 0.35, 0, 53),
(1101, 0.4, 0, 53),
(1102, 0.45, 0, 53),
(1103, 0.5, 0, 53),
(1104, 0.55, 0, 53),
(1105, 0.6, 0, 53),
(1106, 0.65, 0, 53),
(1107, 0.7, 0, 53),
(1108, 0.75, 0, 53),
(1109, 0.8, 0, 53),
(1110, 0.85, 0, 53),
(1111, 0.9, 0, 53),
(1112, 0.95, 0, 53),
(1113, 1, 0, 53),
(1114, 0, 0, 54),
(1115, 0.05, 0, 54),
(1116, 0.1, 0, 54),
(1117, 0.15, 0, 54),
(1118, 0.2, 0, 54),
(1119, 0.25, 0, 54),
(1120, 0.3, 0, 54),
(1121, 0.35, 0, 54),
(1122, 0.4, 0, 54),
(1123, 0.45, 0, 54),
(1124, 0.5, 0, 54),
(1125, 0.55, 0, 54),
(1126, 0.6, 0, 54),
(1127, 0.65, 0, 54),
(1128, 0.7, 0, 54),
(1129, 0.75, 0, 54),
(1130, 0.8, 0, 54),
(1131, 0.85, 0, 54),
(1132, 0.9, 0, 54),
(1133, 0.95, 0, 54),
(1134, 1, 0, 54),
(1135, 0, 15, 55),
(1136, 0.05, 0, 55),
(1137, 0.1, 10, 55),
(1138, 0.15, 0, 55),
(1139, 0.2, 0, 55),
(1140, 0.25, 0, 55),
(1141, 0.3, 0, 55),
(1142, 0.35, 0, 55),
(1143, 0.4, 0, 55),
(1144, 0.45, 0, 55),
(1145, 0.5, 0, 55),
(1146, 0.55, 0, 55),
(1147, 0.6, 0, 55),
(1148, 0.65, 0, 55),
(1149, 0.7, 0, 55),
(1150, 0.75, 0, 55),
(1151, 0.8, 0, 55),
(1152, 0.85, 0, 55),
(1153, 0.9, 0, 55),
(1154, 0.95, 0, 55),
(1155, 1, 0, 55),
(1156, 0, 0, 56),
(1157, 0.05, 0, 56),
(1158, 0.1, 0, 56),
(1159, 0.15, 0, 56),
(1160, 0.2, 0, 56),
(1161, 0.25, 0, 56),
(1162, 0.3, 0, 56),
(1163, 0.35, 0, 56),
(1164, 0.4, 0, 56),
(1165, 0.45, 0, 56),
(1166, 0.5, 0, 56),
(1167, 0.55, 0, 56),
(1168, 0.6, 0, 56),
(1169, 0.65, 0, 56),
(1170, 0.7, 0, 56),
(1171, 0.75, 0, 56),
(1172, 0.8, 0, 56),
(1173, 0.85, 0, 56),
(1174, 0.9, 0, 56),
(1175, 0.95, 0, 56),
(1176, 1, 0, 56),
(1177, 0, 10, 57),
(1178, 0.05, 0, 57),
(1179, 0.1, 0, 57),
(1180, 0.15, 10, 57),
(1181, 0.2, 0, 57),
(1182, 0.25, 0, 57),
(1183, 0.3, 0, 57),
(1184, 0.35, 0, 57),
(1185, 0.4, 0, 57),
(1186, 0.45, 0, 57),
(1187, 0.5, 0, 57),
(1188, 0.55, 0, 57),
(1189, 0.6, 0, 57),
(1190, 0.65, 0, 57),
(1191, 0.7, 0, 57),
(1192, 0.75, 0, 57),
(1193, 0.8, 0, 57),
(1194, 0.85, 0, 57),
(1195, 0.9, 0, 57),
(1196, 0.95, 0, 57),
(1197, 1, 0, 57);

--
-- Dumping data for table `pres_detalle`
--

INSERT INTO `pres_detalle` (`idpres_detalle`, `Item`, `Monto`, `idVersion`, `tipo`) VALUES
(17, 'Matricula', 0, 2, 1),
(18, 'Colegiatura', 14137.5, 2, 1),
(19, 'Honorarios profesionales', 1920, 2, 0),
(20, 'Pasajes', 450, 2, 0),
(21, 'Viaticos', 450, 2, 0),
(22, 'Hospedaje', 630, 2, 0),
(23, 'Promoción y publicidad', 500, 2, 0),
(24, 'Alquiler aulas', 1600, 2, 0),
(25, 'Coordinador Académico', 400, 2, 0),
(26, 'Alquiler equipos', 480, 2, 0),
(27, 'Comisiones por reclutamiento', 1500, 2, 0),
(28, 'Carpeta', 125, 2, 0),
(29, 'Textos', 400, 2, 0),
(30, 'Refrigerio', 1200, 2, 0),
(31, 'Imprevistos', 141.375, 2, 0),
(32, 'Overhead', 2827.5, 2, 0);

--
-- Dumping data for table `pres_version`
--

INSERT INTO `pres_version` (`idVersion`, `NroAlumnos`, `NroMaterias`, `Dias`, `Matricula`, `Colegiatura`, `NroMeses`) VALUES
(2, 25, 8, 24, 0, 650, 3);

--
-- Dumping data for table `programa`
--

INSERT INTO `programa` (`idPrograma`, `Nombre`, `sigla`, `idtipoprograma`, `idescuela`) VALUES
(1, 'Planes de Negocios', 'DPN', 1, 1),
(2, 'Formulación del Programa Planes de Negocios', 'BMS', 5, 1),
(3, 'BMS OVOP', 'BMS_-OVOP', 5, 1),
(6, 'Programas de Capacitación PERU', 'PCP', 5, 3),
(7, 'TALLER', 'TA', 5, 1),
(8, 'Foro de Articulaciion Comercial Amazonica', 'FAC', 5, 1),
(10, 'Diplomado en Necesidades Educativas Especiales e Inclusión Escolar', 'DPS', 1, 3),
(11, 'Curso Soldadura', 'CSOL', 5, 1),
(12, 'Taller de Electricidad', 'TELEC', 5, 2),
(13, 'CARNES A LA PARRILLA', 'CAPA', 5, 2),
(14, 'CORTE Y CONFECCION EN ROPA DEPORTIVA', 'CYC', 5, 2),
(15, 'REPOSTERIA', 'REPO', 5, 2),
(16, 'TECNOLOGÍA DE INFORMACIÓN', 'TECIF', 5, 2),
(17, 'INDUSTRIA TEXTIL', 'INTEX', 5, 2),
(18, 'PELUQUERIA', 'PEL', 5, 2),
(19, 'Curso Instalaciones de Gas', 'CIGAS', 5, 2),
(20, 'Informática contable', 'INFCON', 5, 3);

--
-- Dumping data for table `reclutamiento`
--

INSERT INTO `reclutamiento` (`idReclutamiento`, `idVersion`, `Fecha`, `Meta`, `Interesados`, `Solicitud`, `Seguros`, `Matriculados`) VALUES
(1, 2, '2014-07-20', 25, 40, 0, 20, 10),
(2, 2, '2014-07-25', 25, 40, 0, 22, 15),
(3, 2, '2014-08-01', 25, 40, 0, 23, 23),
(4, 4, '2013-11-01', 20, 20, 0, 5, 5),
(5, 19, '2013-11-09', 25, 40, 0, 5, 0),
(6, 19, '2013-11-28', 25, 50, 0, 15, 5),
(7, 20, '2013-11-09', 25, 50, 0, 5, 0);

--
-- Dumping data for table `recursohumano`
--

INSERT INTO `recursohumano` (`idRecursoHumano`, `CI`, `Nombres`, `Apellidos`, `Telefono`, `Celular`, `Direccion`, `Ciudad`, `email`, `login`, `contrasena`, `RecursoActivo`, `idRol`, `UsuarioActivo`, `factura`, `NIT`, `codigo_UPB`) VALUES
(1, '4454179', 'Mario Antonio', 'Antezana Yugar', '', '', '', '', '', 'mantezana', 'abbb96ecef5962370629b46ac2ca72de', 1, 1, 1, 0, 4454179, 0),
(5, '123456', 'Pablo', 'Zegarra', '', '', '', '', '', 'pzegarra', 'a3ca443b3805c639c210a0fcbe4c6de3', 1, 1, 1, 0, 0, 0),
(2068, '', 'Juan José', 'Zambrana', '', '', '', '', '', 'jzambrana', '8b219cceb027c6e44541e854bdddad39', 1, 1, 1, 1, 0, 0),
(2069, '', 'Remberto', 'Duarte', '', '', '', '', '', '', 'd41d8cd98f00b204e9800998ecf8427e', 1, 2, 0, 1, 0, 0),
(2070, '', 'Alberto ', 'Fernandez', '', '', '', '', '', '', 'd41d8cd98f00b204e9800998ecf8427e', 1, 2, 0, 1, 0, 0),
(2071, '', 'Marcelo', 'Cardenas', '', '', '', '', '', '', 'd41d8cd98f00b204e9800998ecf8427e', 1, 2, 0, 1, 0, 0),
(2072, '', 'Alvaro', 'Velasquez', '', '', '', '', '', '', 'd41d8cd98f00b204e9800998ecf8427e', 1, 2, 0, 1, 0, 0),
(2073, '', 'Miguel', 'Sarmiento', '', '', '', '', '', '', 'd41d8cd98f00b204e9800998ecf8427e', 1, 2, 0, 1, 0, 0),
(2074, '', 'Gonzalo ', 'Rojas', '', '', '', '', '', '', 'd41d8cd98f00b204e9800998ecf8427e', 1, 2, 0, 1, 0, 0),
(2075, '', 'Sergio', 'Flores', '', '', '', '', '', '', 'd41d8cd98f00b204e9800998ecf8427e', 1, 2, 0, 1, 0, 0),
(2076, '', 'Mariano', 'Rivas', '', '', '', '', '', '', 'd41d8cd98f00b204e9800998ecf8427e', 1, 2, 0, 1, 0, 0),
(2077, '', 'Ruy David', 'Pardo', '', '', '', '', '', 'rpardo', 'cde00de31aa45fd3e47c85dd57765a2e', 1, 2, 1, 1, 0, 0),
(2078, '', 'Alberto', 'Sanchez', '', '', '', '', '', 'asanchez', '0b4a7db11aaab6d963f000655d26bf3f', 1, 2, 1, 1, 0, 0),
(2079, '', 'Carla', 'Palacios', '', '', '', '', '', 'cpalacios', 'd90b575fb26de68f853828ebb00709f3', 1, 2, 1, 1, 0, 0),
(2080, '', 'Videlmo', 'Maluquish', '', '', '', '', '', 'vmaluquish', 'a9d48d724581fe20c40622fb15b06040', 1, 2, 1, 1, 0, 0),
(2081, '', 'Lesvia', 'Lozano', '', '', '', '', '', 'llozano', 'c7441d0121c8145d644fe0fa6f59dccd', 1, 2, 1, 1, 0, 0),
(2082, '', 'José', 'Barandiaran', '', '', '', '', '', 'jbarandiaran', '324ad1279fe48a13299af0c84609c91c', 1, 2, 1, 1, 0, 0),
(2083, '', 'Marco', 'Capristan', '', '', '', '', '', 'mcapristan', 'a9b6fc7eefd302a9beb9a1200ccf6f7a', 1, 2, 1, 1, 0, 0),
(2084, '', 'Augusto ', 'Mechato', '', '', '', '', '', 'amechato', '815df749b36e72b503699f5ea2772e4b', 1, 2, 1, 1, 0, 0),
(2085, '', 'Billy', 'Maco', '', '', '', '', '', 'bmaco', 'f4ada397ef64cd8d127124799820821e', 1, 2, 1, 1, 0, 0),
(2086, '', 'Oswaldo ', 'Mendiburu', '', '', '', '', '', 'omendiburu', '443d337b34e5450337e4ddd233686715', 1, 2, 1, 1, 0, 0),
(2087, '', 'Mauricio ', 'Zuñiga', '', '', '', '', '', 'mzuniga', 'f772dd197b80806dbf5b1e75f2f929a6', 1, 2, 1, 1, 0, 0),
(2088, '', 'Roberto Tito', 'Cunniberti Terrones', '', '', '', '', '', 'rcunniberti', '38dbf4e968900e16bf9bf993e9ff1e0d', 1, 2, 1, 1, 0, 0),
(2089, '', 'Rosa', 'Davila Sanchez', '', '', '', '', '', 'rdavila', '4a02767c8f2d66875e3e6fb897fde933', 1, 2, 1, 1, 0, 0),
(2090, '', 'Ruth', 'Dávila Valdivia', '', '', '', '', '', 'rudavila', '4a02767c8f2d66875e3e6fb897fde933', 1, 2, 1, 1, 0, 0),
(2091, '', 'Dalmacio', 'Hidalgo Oroche', '', '', '', '', '', 'dhidalgo', 'cf3727e14c30274581acefd8bddd164a', 1, 2, 1, 1, 0, 0),
(2092, '', 'Rina ', 'Rubio Alvarez', '', '', '', '', '', 'rrubio', '908563cabd95885ff63516e8a3155625', 1, 2, 1, 1, 0, 0),
(2093, '', 'Mercedes', 'Sotomayor', '', '', '', '', '', 'msotomayor', 'e50f5933508204ab9d9e75871dabfa8e', 1, 2, 1, 1, 0, 0),
(2094, '', 'Franz', 'Baumann', '', '', '', '', '', '', 'd41d8cd98f00b204e9800998ecf8427e', 1, 2, 0, 1, 0, 0),
(2095, '', 'Magali ', 'Silva', '', '', '', '', '', '', 'd41d8cd98f00b204e9800998ecf8427e', 1, 2, 0, 1, 0, 0),
(2096, '', 'Alexander ', 'Alban', '', '', '', '', '', '123', '202cb962ac59075b964b07152d234b70', 1, 2, 1, 1, 0, 0),
(2097, '', 'Francisco', 'Ruiz', '', '', '', '', '', '', 'd41d8cd98f00b204e9800998ecf8427e', 1, 2, 0, 1, 0, 0),
(2098, '', 'Alejandro', 'Zegarra', '', '', '', '', '', 'azegarra', 'a3ca443b3805c639c210a0fcbe4c6de3', 1, 77, 1, 1, 0, 0),
(2101, '796179', 'Elke', 'Berodt', '4026491', '77490253', 'Camacho 107', 'Cochabamba', 'elkeberodt@fundacioncompartir.net', 'eberodt', '937656925135fe3979831706b6c682e4', 1, 77, 1, 0, 123, 100),
(2102, '', 'Instituto', 'Sayarinapag', '', '', '', '', '', 'sayarinapaj', 'fe321976808f2ef3df7463472b61a742', 1, 81, 1, 1, 0, 0),
(2103, '', 'Instituto', 'Infocal', '', '', '', '', '', 'infocal', '6d0aa20cd62906537fddd213eddb1ede', 1, 82, 1, 1, 0, 0),
(2104, '', 'Instituto', 'Sacaba', '', '', '', '', '', 'sacaba', '12db1228dace6b157ca4f2716bf449bf', 1, 83, 1, 1, 0, 0),
(2105, '', 'Instituto', 'Amor Misericordioso', '', '', '', '', '', 'misericordioso', 'ca91554e367ba7a84ae5ba8e9b27461c', 1, 84, 1, 1, 0, 0),
(2106, '', 'Instituto', 'Puerto de Mejillones', '', '', '', '', '', 'mejillones', '9cd630d9493f4810157b203de005550d', 1, 85, 1, 1, 0, 0),
(2107, '', 'DEFINIR', 'A', '', '', '', '', '', '', 'd41d8cd98f00b204e9800998ecf8427e', 1, 80, 0, 1, 0, 100);

--
-- Dumping data for table `rol`
--

INSERT INTO `rol` (`idRol`, `Nombre`) VALUES
(1, 'Administrador'),
(2, 'No usuario'),
(65, 'Cursopzegarra'),
(77, 'Director'),
(80, 'cursos'),
(81, 'cursosayarinapaj'),
(82, 'cursoinfocal'),
(83, 'cursosacaba'),
(84, 'cursosmisericordioso'),
(85, 'cursomejillones');

--
-- Dumping data for table `rolciudad`
--

INSERT INTO `rolciudad` (`idrolciudad`, `idrol`, `idciudad`, `idnivel`) VALUES
(14, 1, 7, 6),
(15, 1, 1, 1),
(16, 1, 2, 1),
(17, 1, 3, 6),
(18, 1, 4, 6),
(19, 1, 5, 6),
(20, 1, 6, 6),
(21, 1, 8, 6),
(22, 1, 9, 6),
(23, 1, 10, 6),
(24, 1, 11, 6),
(25, 1, 12, 6),
(26, 1, 13, 6),
(637, 65, 26, 6),
(620, 1, 22, 6),
(683, 83, 1, 6),
(632, 1, 23, 6),
(681, 81, 1, 6),
(682, 82, 1, 6),
(652, 65, 29, 6),
(685, 85, 1, 6),
(684, 84, 1, 6),
(671, 77, 6, 6),
(672, 77, 7, 6),
(673, 77, 8, 6),
(674, 77, 26, 6),
(675, 77, 30, 6),
(680, 80, 1, 6),
(686, 82, 6, 6),
(687, 85, 6, 6),
(688, 83, 6, 6),
(689, 81, 6, 6),
(690, 84, 6, 6);

--
-- Dumping data for table `rolesactividades`
--

INSERT INTO `rolesactividades` (`idRolesActividades`, `idRol`, `idActividad`, `NivelAcceso`) VALUES
(1640, 65, 11, 6),
(1641, 65, 12, 6),
(1642, 65, 13, 6),
(1643, 65, 14, 6),
(1644, 65, 15, 6),
(1645, 65, 16, 6),
(1646, 65, 17, 6),
(1647, 65, 18, 6),
(1648, 65, 19, 6),
(1649, 65, 20, 6),
(1650, 65, 21, 6),
(1651, 65, 22, 6),
(1652, 65, 25, 6),
(1653, 65, 26, 6),
(1654, 65, 29, 6),
(1655, 65, 30, 6),
(1656, 65, 38, 6),
(1657, 65, 31, 6),
(1658, 65, 32, 6),
(1659, 65, 43, 6),
(1660, 65, 36, 6),
(1661, 65, 37, 6),
(1662, 65, 23, 1),
(1663, 65, 24, 1),
(1977, 77, 1, 5),
(1978, 77, 2, 6),
(1979, 77, 3, 6),
(1980, 77, 4, 6),
(1981, 77, 11, 6),
(1982, 77, 12, 6),
(1983, 77, 13, 6),
(1984, 77, 14, 6),
(1985, 77, 15, 6),
(1986, 77, 16, 6),
(1987, 77, 17, 6),
(1988, 77, 18, 6),
(1989, 77, 19, 6),
(1990, 77, 20, 6),
(1991, 77, 21, 6),
(1992, 77, 22, 6),
(1993, 77, 23, 6),
(1994, 77, 24, 6),
(1995, 77, 25, 6),
(1996, 77, 26, 6),
(1997, 77, 28, 6),
(1998, 77, 29, 6),
(1999, 77, 30, 6),
(2000, 77, 38, 6),
(2001, 77, 27, 6),
(2002, 77, 39, 6),
(2003, 77, 31, 6),
(2004, 77, 32, 6),
(2005, 77, 33, 6),
(2006, 77, 34, 6),
(2007, 77, 35, 6),
(2008, 77, 36, 6),
(2009, 77, 37, 6),
(2010, 77, 43, 6),
(2046, 80, 11, 6),
(2047, 80, 12, 6),
(2048, 80, 13, 6),
(2049, 80, 14, 6),
(2050, 80, 15, 6),
(2051, 80, 16, 1),
(2052, 80, 17, 6),
(2053, 80, 18, 6),
(2054, 80, 19, 6),
(2055, 80, 20, 1),
(2056, 80, 21, 1),
(2057, 80, 22, 1),
(2058, 80, 25, 1),
(2059, 80, 26, 1),
(2060, 80, 29, 1),
(2061, 80, 30, 1),
(2062, 80, 38, 1),
(2063, 80, 31, 6),
(2064, 80, 32, 1),
(2065, 80, 43, 1),
(2066, 80, 36, 1),
(2067, 80, 37, 1),
(2068, 80, 23, 1),
(2069, 80, 24, 1),
(2077, 80, 2, 5),
(2078, 80, 1, 1),
(2079, 81, 11, 6),
(2080, 81, 12, 6),
(2081, 81, 13, 6),
(2082, 81, 14, 6),
(2083, 81, 15, 6),
(2084, 81, 16, 1),
(2085, 81, 17, 6),
(2086, 81, 18, 6),
(2087, 81, 19, 6),
(2088, 81, 20, 1),
(2089, 81, 21, 1),
(2090, 81, 22, 1),
(2091, 81, 25, 1),
(2092, 81, 26, 1),
(2093, 81, 29, 1),
(2094, 81, 30, 1),
(2095, 81, 38, 1),
(2096, 81, 31, 6),
(2097, 81, 32, 1),
(2098, 81, 43, 1),
(2099, 81, 36, 1),
(2100, 81, 37, 1),
(2101, 81, 23, 1),
(2102, 81, 24, 1),
(2103, 81, 2, 5),
(2104, 81, 1, 1),
(2110, 82, 11, 6),
(2111, 82, 12, 6),
(2112, 82, 13, 6),
(2113, 82, 14, 6),
(2114, 82, 15, 6),
(2115, 82, 16, 1),
(2116, 82, 17, 6),
(2117, 82, 18, 6),
(2118, 82, 19, 6),
(2119, 82, 20, 1),
(2120, 82, 21, 1),
(2121, 82, 22, 1),
(2122, 82, 25, 1),
(2123, 82, 26, 1),
(2124, 82, 29, 1),
(2125, 82, 30, 1),
(2126, 82, 38, 1),
(2127, 82, 31, 6),
(2128, 82, 32, 1),
(2129, 82, 43, 1),
(2130, 82, 36, 1),
(2131, 82, 37, 1),
(2132, 82, 23, 1),
(2133, 82, 24, 1),
(2134, 82, 2, 5),
(2135, 82, 1, 1),
(2141, 83, 11, 6),
(2142, 83, 12, 6),
(2143, 83, 13, 6),
(2144, 83, 14, 6),
(2145, 83, 15, 6),
(2146, 83, 16, 1),
(2147, 83, 17, 6),
(2148, 83, 18, 6),
(2149, 83, 19, 6),
(2150, 83, 20, 1),
(2151, 83, 21, 1),
(2152, 83, 22, 1),
(2153, 83, 25, 1),
(2154, 83, 26, 1),
(2155, 83, 29, 1),
(2156, 83, 30, 1),
(2157, 83, 38, 1),
(2158, 83, 31, 6),
(2159, 83, 32, 1),
(2160, 83, 43, 1),
(2161, 83, 36, 1),
(2162, 83, 37, 1),
(2163, 83, 23, 1),
(2164, 83, 24, 1),
(2165, 83, 2, 5),
(2166, 83, 1, 1),
(2172, 84, 11, 6),
(2173, 84, 12, 6),
(2174, 84, 13, 6),
(2175, 84, 14, 6),
(2176, 84, 15, 6),
(2177, 84, 16, 1),
(2178, 84, 17, 6),
(2179, 84, 18, 6),
(2180, 84, 19, 6),
(2181, 84, 20, 1),
(2182, 84, 21, 1),
(2183, 84, 22, 1),
(2184, 84, 25, 1),
(2185, 84, 26, 1),
(2186, 84, 29, 1),
(2187, 84, 30, 1),
(2188, 84, 38, 1),
(2189, 84, 31, 6),
(2190, 84, 32, 1),
(2191, 84, 43, 1),
(2192, 84, 36, 1),
(2193, 84, 37, 1),
(2194, 84, 23, 1),
(2195, 84, 24, 1),
(2196, 84, 2, 5),
(2197, 84, 1, 1),
(2203, 85, 11, 6),
(2204, 85, 12, 6),
(2205, 85, 13, 6),
(2206, 85, 14, 6),
(2207, 85, 15, 6),
(2208, 85, 16, 1),
(2209, 85, 17, 6),
(2210, 85, 18, 6),
(2211, 85, 19, 6),
(2212, 85, 20, 1),
(2213, 85, 21, 1),
(2214, 85, 22, 1),
(2215, 85, 25, 1),
(2216, 85, 26, 1),
(2217, 85, 29, 1),
(2218, 85, 30, 1),
(2219, 85, 38, 1),
(2220, 85, 31, 6),
(2221, 85, 32, 1),
(2222, 85, 43, 1),
(2223, 85, 36, 1),
(2224, 85, 37, 1),
(2225, 85, 23, 1),
(2226, 85, 24, 1),
(2227, 85, 2, 5),
(2228, 85, 1, 1);

--
-- Dumping data for table `rolescuela`
--

INSERT INTO `rolescuela` (`idrolescuela`, `idrol`, `idescuela`, `idnivel`) VALUES
(227, 83, 1, 6),
(233, 85, 1, 6),
(219, 80, 2, 6),
(221, 81, 1, 6),
(180, 65, 1, 6),
(232, 85, 2, 6),
(234, 85, 3, 6),
(192, 65, 3, 6),
(226, 83, 2, 6),
(220, 81, 2, 6),
(229, 84, 2, 6),
(228, 83, 3, 6),
(225, 82, 3, 6),
(224, 82, 1, 6),
(223, 82, 2, 6),
(222, 81, 3, 6),
(231, 84, 3, 6),
(230, 84, 1, 6),
(213, 77, 1, 6),
(214, 77, 2, 6),
(215, 77, 3, 6),
(217, 80, 1, 6),
(218, 80, 3, 6);

--
-- Dumping data for table `rolesmodulos`
--

INSERT INTO `rolesmodulos` (`idRolesModulos`, `idRol`, `idModulo`) VALUES
(208, 65, 2),
(209, 65, 3),
(210, 65, 4),
(211, 1, 1),
(244, 77, 1),
(245, 77, 3),
(246, 77, 2),
(247, 77, 4),
(258, 80, 2),
(259, 80, 3),
(260, 80, 4),
(261, 80, 1),
(262, 81, 2),
(263, 81, 3),
(264, 81, 4),
(265, 81, 1),
(269, 82, 2),
(270, 82, 3),
(271, 82, 4),
(272, 82, 1),
(276, 83, 2),
(277, 83, 3),
(278, 83, 4),
(279, 83, 1),
(283, 84, 2),
(284, 84, 3),
(285, 84, 4),
(286, 84, 1),
(290, 85, 2),
(291, 85, 3),
(292, 85, 4),
(293, 85, 1);

--
-- Dumping data for table `roltipoprograma`
--

INSERT INTO `roltipoprograma` (`idroltipoprograma`, `idrol`, `idtipoprograma`, `idnivel`) VALUES
(1, 1, 1, 6),
(2, 1, 2, 1),
(3, 1, 3, 1),
(242, 85, 5, 6),
(238, 81, 5, 6),
(239, 82, 5, 6),
(222, 65, 5, 6),
(241, 84, 5, 6),
(240, 83, 5, 6),
(233, 77, 1, 6),
(234, 77, 2, 6),
(235, 77, 5, 6),
(237, 80, 5, 6);

--
-- Dumping data for table `rolversion`
--

INSERT INTO `rolversion` (`idrolversion`, `idrol`, `idversion`, `idnivel`) VALUES
(145, 84, 53, 6),
(129, 84, 25, 6),
(116, 81, 3, 6),
(115, 81, 5, 6),
(120, 82, 3, 6),
(119, 82, 5, 6),
(143, 81, 51, 6),
(40, 65, 3, 6),
(41, 65, 5, 6),
(43, 65, 19, 6),
(117, 81, 25, 6),
(142, 85, 50, 6),
(133, 85, 25, 6),
(132, 85, 3, 6),
(131, 85, 5, 6),
(128, 84, 3, 6),
(127, 84, 5, 6),
(144, 83, 52, 6),
(125, 83, 25, 6),
(124, 83, 3, 6),
(123, 83, 5, 6),
(141, 82, 54, 6),
(121, 82, 25, 6),
(107, 77, 45, 6),
(108, 77, 19, 6),
(112, 80, 5, 6),
(111, 80, 3, 6),
(113, 80, 25, 6),
(114, 80, 48, 6),
(136, 1, 54, 6),
(137, 1, 50, 6),
(138, 1, 53, 6),
(139, 1, 52, 6),
(140, 1, 51, 6);

--
-- Dumping data for table `tipomateria`
--

INSERT INTO `tipomateria` (`idTipoMateria`, `Nombre`) VALUES
(1, 'Individual'),
(2, 'Compartida'),
(3, 'Grupal');

--
-- Dumping data for table `tipoprograma`
--

INSERT INTO `tipoprograma` (`idtipoprograma`, `Nombre`) VALUES
(1, 'Diplomado'),
(2, 'Especialidad'),
(5, 'Curso');

--
-- Dumping data for table `tiposgastos`
--

INSERT INTO `tiposgastos` (`idTiposGastos`, `Nombre`) VALUES
(1, 'Alquiler laboratorios'),
(3, 'Alojamiento'),
(4, 'Promoción y publicidad'),
(6, 'Aranceles'),
(10, 'Refrigerio'),
(14, 'Certificados'),
(16, 'Comisiones'),
(17, 'Overhead'),
(20, 'Fotocopias'),
(21, 'Coordinador'),
(25, 'Imprevistos'),
(27, 'Textos'),
(28, 'Carpetas'),
(30, 'Alquiler aulas'),
(31, 'Alquiler equipos'),
(34, 'Dirección Académica'),
(35, 'Almuerzo'),
(36, 'Materiales');

--
-- Dumping data for table `tiposingresos`
--

INSERT INTO `tiposingresos` (`idTiposIngresos`, `Descripcion`) VALUES
(1, 'Matricula'),
(2, 'Colegiatura'),
(3, 'Pago Univ. Asoc.'),
(4, 'Otros ingresos');

--
-- Dumping data for table `version`
--

INSERT INTO `version` (`idVersion`, `Gestion`, `Ciudad`, `Colegiatura`, `Overhead`, `idPrograma`, `idRecursoHumano`, `NroDias`, `NroMeses`, `InicioProgramado`, `FinProgramado`, `InicioEjecutado`, `FinEjecutado`, `Matricula`, `activo`, `NroDiasEjecutado`, `NroMesesEjecutado`, `NroMaterias`, `estado`) VALUES
(1, '2014', 6, 600, 0, 1, 5, 24, 4, '2014-01-06', '2014-05-19', '2014-01-06', '2014-05-19', 0, 1, 0, 0, 8, 0),
(2, '2014', 8, 650, 0, 2, 5, 24, 3, '2014-07-01', '2014-09-30', '2014-08-01', '2014-09-28', 0, 1, 24, 2, 8, 0),
(4, '2014', 20, 650, 0, 2, 2077, 24, 3, '2014-07-01', '2014-09-30', '2014-07-01', '2014-09-30', 0, 1, 0, 0, 8, 0),
(5, '2014', 21, 650, 0, 2, 2078, 12, 3, '2014-07-01', '2014-09-30', '2013-11-04', '2013-11-04', 0, 1, 0, 0, 8, 0),
(6, 'CARLA', 26, 0, 0, 2, 2079, 24, 3, '2014-07-01', '2014-09-30', '2013-11-08', '2013-11-08', 0, 1, 0, 0, 8, 0),
(7, 'VIDELMO', 26, 650, 0, 2, 2080, 24, 3, '2014-07-01', '2014-09-30', '2014-08-01', '2014-09-28', 30, 1, 24, 2, 8, 0),
(8, '2014', 14, 0, 0, 3, 2079, 0, 0, '2013-11-08', '2013-11-08', '2013-11-08', '2013-11-08', 0, 1, 0, 0, 0, 0),
(9, 'LESVIA', 26, 650, 0, 2, 2081, 24, 3, '2014-07-01', '2014-09-30', '2013-11-08', '2013-11-08', 0, 1, 0, 0, 8, 0),
(10, '2013', 25, 2000, 0, 3, 2079, 20, 3, '2013-11-08', '2013-11-30', '2013-11-08', '2013-11-30', 0, 1, 0, 0, 3, 0),
(12, 'JOSE', 26, 0, 0, 2, 2082, 0, 0, '2013-11-08', '2013-11-08', '2013-11-08', '2013-11-08', 0, 1, 0, 0, 0, 0),
(13, '2014', 28, 400, 0, 5, 2080, 0, 0, '2013-11-08', '2013-11-08', '2013-11-08', '2013-11-08', 300, 1, 0, 0, 0, 0),
(14, 'MARCO', 26, 0, 0, 2, 2083, 0, 0, '2013-11-08', '2013-11-08', '2013-11-08', '2013-11-08', 0, 1, 0, 0, 0, 0),
(15, 'JBARAND', 26, 0, 0, 2, 2082, 0, 0, '2013-11-08', '2013-11-08', '2013-11-08', '2013-11-08', 0, 1, 0, 0, 0, 0),
(16, 'AMECHAT', 26, 0, 0, 2, 2084, 0, 0, '2013-11-08', '2013-11-08', '2013-11-08', '2013-11-08', 0, 1, 0, 0, 0, 0),
(17, 'BMACO', 26, 0, 0, 2, 2085, 0, 0, '2013-11-08', '2013-11-08', '2013-11-08', '2013-11-08', 0, 1, 0, 0, 0, 0),
(18, 'OSWALDO', 26, 0, 0, 2, 2086, 0, 0, '2013-11-08', '2013-11-08', '2013-11-08', '2013-11-08', 0, 1, 0, 0, 0, 0),
(19, 'PABLO', 26, 650, 0, 2, 5, 24, 3, '2014-07-01', '2014-09-30', '2014-08-01', '2014-10-05', 0, 1, 30, 3, 8, 0),
(20, 'MAURICI', 26, 650, 0, 2, 2087, 24, 3, '2014-07-01', '2014-09-30', '2013-11-09', '2013-11-09', 0, 1, 0, 0, 8, 0),
(21, 'JBS', 29, 0, 0, 6, 2082, 0, 0, '2013-11-09', '2013-11-09', '2013-11-09', '2013-11-09', 0, 1, 0, 0, 0, 0),
(22, 'VMS', 29, 0, 0, 6, 2080, 0, 0, '2013-11-09', '2013-11-09', '2013-11-09', '2013-11-09', 0, 1, 0, 0, 0, 0),
(23, 'AMA', 29, 0, 0, 6, 2084, 0, 0, '2013-11-09', '2013-11-09', '2013-11-09', '2013-11-09', 0, 1, 0, 0, 0, 0),
(24, 'CPA', 29, 0, 0, 6, 2079, 0, 0, '2013-11-09', '2013-11-09', '2013-11-09', '2013-11-09', 0, 1, 0, 0, 0, 0),
(25, 'BME', 29, 0, 0, 6, 2085, 0, 0, '2013-11-09', '2013-11-09', '2013-11-09', '2013-11-09', 0, 1, 0, 0, 0, 0),
(26, 'OMM', 29, 0, 0, 6, 2086, 0, 0, '2013-11-09', '2013-11-09', '2013-11-09', '2013-11-09', 0, 1, 0, 0, 0, 0),
(27, 'LLM', 29, 0, 0, 6, 2081, 0, 0, '2013-11-09', '2013-11-09', '2013-11-09', '2013-11-09', 0, 1, 0, 0, 0, 0),
(28, 'MCC', 29, 0, 0, 6, 2083, 0, 0, '2013-11-09', '2013-11-09', '2013-11-09', '2013-11-09', 0, 1, 0, 0, 0, 0),
(29, 'MZM', 29, 0, 0, 6, 2087, 0, 0, '2013-11-09', '2013-11-09', '2013-11-09', '2013-11-09', 0, 1, 0, 0, 0, 0),
(30, 'Ejercic', 26, 0, 0, 2, 5, 0, 0, '2013-11-09', '2013-11-09', '2013-11-09', '2013-11-09', 0, 1, 0, 0, 0, 0),
(31, 'RCUNNIB', 26, 650, 0, 2, 2088, 24, 3, '2014-07-01', '2014-09-30', '2014-08-01', '2014-09-28', 0, 1, 24, 2, 8, 0),
(32, 'RDAVILA', 26, 650, 0, 2, 2089, 24, 3, '2014-07-01', '2014-09-30', '2014-08-01', '2014-09-28', 0, 1, 24, 2, 8, 0),
(33, 'RUDAVIL', 26, 650, 0, 2, 2090, 24, 3, '2013-11-11', '2013-11-11', '2014-08-03', '2014-09-28', 0, 1, 24, 2, 8, 0),
(34, 'DHIDALG', 26, 0, 0, 2, 2091, 0, 0, '2013-11-11', '2013-11-11', '2013-11-11', '2013-11-11', 0, 1, 0, 0, 0, 0),
(35, 'RRUBIO', 26, 0, 0, 2, 2092, 0, 0, '2013-11-11', '2013-11-11', '2013-11-11', '2013-11-11', 0, 1, 0, 0, 0, 0),
(36, 'MSOTOMA', 26, 650, 0, 2, 2093, 24, 3, '2014-07-01', '2014-09-30', '2014-08-01', '2014-09-28', 0, 1, 24, 2, 8, 0),
(37, 'RCT', 29, 0, 0, 6, 2088, 0, 0, '2013-11-11', '2013-11-11', '2013-11-11', '2013-11-11', 0, 1, 0, 0, 0, 0),
(38, 'RDS', 29, 0, 0, 6, 2089, 0, 0, '2013-11-11', '2013-11-11', '2013-11-11', '2013-11-11', 0, 1, 0, 0, 0, 0),
(39, 'RDV', 29, 0, 0, 6, 2090, 0, 0, '2013-11-11', '2013-11-11', '2013-11-11', '2013-11-11', 0, 1, 0, 0, 0, 0),
(40, 'DHO', 29, 0, 0, 6, 2091, 0, 0, '2013-11-11', '2013-11-11', '2013-11-11', '2013-11-11', 0, 1, 0, 0, 0, 0),
(41, 'RRA', 29, 0, 0, 6, 2092, 0, 0, '2013-11-11', '2013-11-11', '2013-11-11', '2013-11-11', 0, 1, 0, 0, 0, 0),
(42, 'MS', 29, 0, 0, 6, 2093, 0, 0, '2013-11-11', '2013-11-11', '2013-11-11', '2013-11-11', 0, 1, 0, 0, 0, 0),
(43, 'BMACO', 26, 200, 0, 7, 2085, 10, 5, '2013-11-11', '2013-11-11', '2013-11-11', '2013-11-11', 50, 1, 0, 0, 3, 0),
(44, 'PABLO2', 26, 650, 0, 2, 5, 24, 3, '2014-07-01', '2014-09-30', '2014-08-01', '2014-09-28', 0, 1, 24, 2, 8, 0),
(45, '2013', 30, 0, 0, 8, 2089, 1, 1, '2013-11-10', '2013-11-20', '2013-11-18', '2013-11-20', 0, 1, 6, 1, 4, 0),
(46, '2014', 30, 0, 0, 8, 2088, 1, 1, '2013-11-13', '2013-11-13', '2013-11-13', '2013-11-13', 0, 1, 0, 0, 3, 0),
(47, '2018', 1, 800, 0, 10, 2101, 28, 4, '2018-09-06', '2018-12-02', '2014-06-25', '2014-10-31', 0, 1, 0, 0, 7, 0),
(48, '2017', 1, 100, 0, 11, 2106, 20, 2, '2017-02-22', '2017-04-22', '2017-02-22', '2017-04-22', 20, 1, 0, 0, 2, 0),
(49, '2017', 1, 120, 0, 12, 2106, 20, 2, '2017-02-15', '2017-02-15', '2017-02-15', '2017-02-15', 20, 1, 0, 0, 2, 0),
(50, '2017', 6, 100, 0, 14, 2106, 20, 1, '2017-03-06', '2017-03-31', '2017-02-18', '2017-02-18', 10, 1, 0, 0, 5, 0),
(51, '2017', 6, 0, 0, 15, 2102, 0, 0, '2017-02-18', '2017-02-18', '2017-02-18', '2017-02-18', 0, 1, 0, 0, 0, 0),
(52, '2017', 6, 0, 0, 16, 2104, 0, 0, '2017-02-18', '2017-02-18', '2017-02-18', '2017-02-18', 0, 1, 0, 0, 0, 0),
(53, '2017', 6, 0, 0, 17, 2105, 0, 0, '2017-02-18', '2017-02-18', '2017-02-18', '2017-02-18', 0, 1, 0, 0, 0, 0),
(54, '2017', 6, 0, 0, 13, 2103, 0, 0, '2017-02-18', '2017-02-18', '2017-02-18', '2017-02-18', 0, 1, 0, 0, 0, 0),
(55, '2017', 6, 80, 0, 18, 2106, 15, 1, '2017-03-06', '2017-03-27', '2017-03-06', '2017-03-27', 10, 1, 0, 0, 3, 0),
(56, '2017', 1, 100, 0, 14, 2106, 20, 1, '2017-03-06', '2017-03-31', '2017-03-06', '2017-03-31', 10, 1, 0, 0, 5, 0),
(57, '2017', 6, 500, 0, 20, 2094, 40, 2, '2017-03-04', '2017-03-04', '2017-03-04', '2017-03-04', 0, 1, 0, 0, 4, 0);
COMMIT;

/*!40101 SET CHARACTER_SET_CLIENT=@OLD_CHARACTER_SET_CLIENT */;
/*!40101 SET CHARACTER_SET_RESULTS=@OLD_CHARACTER_SET_RESULTS */;
/*!40101 SET COLLATION_CONNECTION=@OLD_COLLATION_CONNECTION */;
